"type","horse","CO2"
"guards",510,550.27
"guards",510,343.88
"guards",552,511.93
"guards",552,296.63
"guards",565,603.49
"guards",565,353.09
"guards",420,551.4037
"guards",420,333.29
"guards",430,529.36
"guards",430,306.95
"guards",568,536.18
"guards",568,309.22
"guards",211,292
"guards",211,199
"guards",211,308
"guards",211,374
"guards",211,365
"guards",211,323
"guards",211,203
"guards",211,368
"guards",211,363
"guards",211,301
"guards",211,314
"guards",211,200
"forwards",211,309
"forwards",211,338
"forwards",211,332
"forwards",211,282
"forwards",211,189
"forwards",333,374
"forwards",333,393
"forwards",333,233
"forwards",333,362
"forwards",333,379
"forwards",333,488
"forwards",333,448
"forwards",333,363
"forwards",333,391
"forwards",333,236
"guards",211,422
"guards",211,343
"guards",211,429
"guards",211,358
"guards",211,219
"forwards",240,297
"forwards",240,297
"forwards",240,297
"forwards",240,329
"forwards",240,329
"forwards",240,329
"forwards",240,409
"forwards",240,409
"forwards",240,409
"forwards",240,358
"forwards",240,358
"forwards",240,358
"forwards",240,309
"forwards",240,309
"forwards",240,309
"forwards",240,194
"forwards",240,194
"forwards",240,194
"forwards",240,333
"forwards",240,333
"forwards",240,333
"forwards",272,387
"forwards",272,384
"forwards",272,475
"forwards",272,388
"forwards",272,464
"forwards",272,396
"forwards",272,251
"centers",211,358
"centers",211,230
"forwards",211,229
"forwards",211,357
"forwards",240,417
"forwards",240,417
"forwards",240,417
"forwards",240,361
"forwards",240,361
"forwards",240,361
"forwards",240,358
"forwards",240,358
"forwards",240,358
"forwards",240,356
"forwards",240,356
"forwards",240,356
"forwards",240,231
"forwards",240,231
"forwards",240,231
"forwards",240,351
"forwards",240,351
"forwards",240,351
"forwards",240,340
"forwards",240,340
"forwards",240,340
"centers",211,323
"centers",211,324
"centers",211,382
"centers",211,292
"centers",211,223
"centers",272,458
"centers",272,295
"centers",240,402
"centers",240,402
"centers",240,402
"centers",240,502
"centers",240,502
"centers",240,502
"centers",240,480
"centers",240,480
"centers",240,480
"centers",240,446
"centers",240,446
"centers",240,446
"centers",240,260
"centers",240,260
"centers",240,260
"centers",240,432
"centers",240,432
"centers",240,432
"centers",240,492
"centers",240,492
"centers",240,492
"centers",240,389
"centers",240,389
"centers",240,389
"centers",240,422
"centers",240,422
"centers",240,422
"centers",240,248
"centers",240,248
"centers",240,248
"guards",525,645
"guards",525,387
"guards",525,479
"guards",525,690
"guards",525,746
"guards",430,737
"guards",430,654
"guards",430,372
"guards",430,460
"guards",430,727
"guards",430,649
"guards",430,355
"guards",430,439
"guards",430,703
"guards",430,728
"guards",525,577
"guards",525,312
"guards",525,425
"guards",525,579
"guards",525,652
"guards",525,577
"guards",525,307
"guards",525,421
"guards",525,640
"guards",525,592
"guards",450,541
"guards",450,483
"guards",450,414
"guards",450,463
"guards",450,307
"guards",450,466
"guards",450,296
"guards",450,395
"guards",450,548
"guards",450,517
"guards",560,467
"guards",560,474
"guards",560,378
"guards",560,572
"guards",560,253
"guards",560,532
"guards",560,286
"guards",560,422
"guards",560,658
"guards",560,526
"forwards",333,396
"forwards",333,248
"forwards",333,356
"forwards",333,448
"forwards",333,455
"forwards",333,376
"forwards",333,460
"forwards",333,472
"forwards",333,401
"forwards",333,256
"forwards",333,443
"forwards",333,266
"forwards",333,363
"forwards",333,457
"forwards",333,460
"guards",420,484
"guards",420,276
"guards",420,375
"guards",420,531
"guards",420,438
"guards",420,491
"guards",420,522
"guards",420,352
"guards",420,424
"guards",420,247
"guards",420,424
"guards",420,241
"guards",211,366
"guards",211,383
"guards",211,210
"guards",211,311
"guards",211,312
"guards",211,365
"guards",211,381
"guards",211,306
"guards",211,204
"guards",211,294
"guards",520,555
"guards",520,624
"guards",520,429
"guards",520,278
"guards",520,511
"guards",520,526
"guards",520,599
"guards",520,384
"guards",520,462
"guards",520,263
"guards",616,510
"guards",616,625
"guards",616,648
"guards",616,617
"guards",616,333
"guards",616,576
"guards",616,485
"guards",616,314
"guards",616,589
"guards",616,303
"guards",616,479
"guards",616,652
"guards",616,703
"guards",616,592
"guards",616,298
"guards",616,465
"guards",505,690.22275
"guards",505,408.10588
"guards",505,558.76453
"guards",505,777.17787
"guards",505,776.52874
"forwards",181,290.8360369
"forwards",181,172.298865
"forwards",181,298
"forwards",181,171.77
"forwards",181,291.76
"forwards",181,180.39
"forwards",181,305.08
"forwards",181,180.24
"forwards",181,320.03
"forwards",181,186.01
"forwards",181,191.34
"forwards",181,326.22
"forwards",240,292.05
"forwards",240,312.03
"forwards",240,189.51
"forwards",240,291.04
"forwards",240,186.34
"forwards",240,304.85
"forwards",240,308.62
"forwards",240,202.86
"forwards",240,335.65
"forwards",240,205.61
"forwards",240,313.69
"forwards",240,323.97
"forwards",240,201.71
"forwards",181,291.87
"forwards",181,173.83
"forwards",181,289.964953
"forwards",181,169.320866
"forwards",181,315.57
"forwards",181,180.35
"forwards",181,299.04
"forwards",181,180.32
"forwards",181,311.58
"forwards",181,178.96
"forwards",181,298.21
"forwards",181,181.35
"forwards",181,184.3283971
"forwards",181,309.8485824
"guards",183,241.11
"guards",183,241.11
"guards",183,241.11
"guards",183,241.11
"guards",183,159.21
"guards",183,159.21
"guards",183,159.21
"guards",183,159.21
"guards",183,247.97
"guards",183,247.97
"guards",183,247.97
"guards",183,247.97
"guards",183,154.67
"guards",183,154.67
"guards",183,154.67
"guards",183,154.67
"guards",183,240.2
"guards",183,240.2
"guards",183,240.2
"guards",183,240.2
"guards",183,158.15
"guards",183,158.15
"guards",183,158.15
"guards",183,158.15
"guards",183,156
"guards",183,156
"guards",183,156
"guards",183,156
"guards",183,250.33
"guards",183,250.33
"guards",183,250.33
"guards",183,250.33
"guards",183,165.86
"guards",183,165.86
"guards",183,165.86
"guards",183,165.86
"guards",183,247.87
"guards",183,247.87
"guards",183,247.87
"guards",183,247.87
"guards",183,169.95
"guards",183,169.95
"guards",183,169.95
"guards",183,169.95
"guards",183,253.89
"guards",183,253.89
"guards",183,253.89
"guards",183,253.89
"guards",183,173.85
"guards",183,173.85
"guards",183,173.85
"guards",183,173.85
"guards",183,255.64
"guards",183,255.64
"guards",183,255.64
"guards",183,255.64
"guards",183,267.8
"guards",183,267.8
"guards",183,267.8
"guards",183,267.8
"guards",183,176.48
"guards",183,176.48
"guards",183,176.48
"guards",183,176.48
"guards",183,166.81
"guards",183,166.81
"guards",183,166.81
"guards",183,166.81
"guards",183,248.85
"guards",183,248.85
"guards",183,248.85
"guards",183,248.85
"guards",183,165.87
"guards",183,165.87
"guards",183,165.87
"guards",183,165.87
"guards",183,249.22
"guards",183,249.22
"guards",183,249.22
"guards",183,249.22
"guards",183,246.2729224
"guards",183,246.2729224
"guards",183,246.2729224
"guards",183,246.2729224
"guards",183,164.0993753
"guards",183,164.0993753
"guards",183,164.0993753
"guards",183,164.0993753
"guards",183,164.9278876
"guards",183,164.9278876
"guards",183,164.9278876
"guards",183,164.9278876
"guards",183,259.42
"guards",183,259.42
"guards",183,259.42
"guards",183,259.42
"guards",183,169.94
"guards",183,169.94
"guards",183,169.94
"guards",183,169.94
"guards",240,175.1535785
"guards",240,303.5073054
"guards",240,177.07
"guards",240,296.85
"guards",240,304.09
"guards",240,172.29
"guards",240,306.77
"guards",240,173.05
"guards",241,291.7086768
"guards",241,177.2019934
"guards",241,297.9622857
"guards",241,176.5914764
"guards",241,280.54
"guards",241,183.55
"guards",241,309.77
"guards",241,176.22
"guards",241,318.7
"guards",241,188.05
"guards",241,301.14
"guards",241,177.86
"guards",241,307.51
"guards",241,182.22
"guards",240,306.26
"guards",240,179.75
"guards",240,311.44
"guards",240,178.98
"guards",240,311.84
"guards",240,188.36
"guards",240,188.64
"guards",240,313.4
"guards",241,296.84
"guards",241,185.46
"guards",241,187.14
"guards",241,298.83
"guards",241,308.56
"guards",241,182.42
"guards",241,313.29
"guards",241,184.71
"guards",240,314.06
"guards",240,187.17
"guards",240,319.25
"guards",240,191.28
"guards",240,317.31
"guards",240,192.3
"guards",240,328.68
"guards",240,194.53
"forwards",241,312.82
"forwards",241,192.89
"forwards",241,313.34
"forwards",241,193.01
"forwards",181,330.03
"forwards",181,194.06
"forwards",181,329.87
"forwards",181,193.97
"forwards",181,329.73
"forwards",181,195.29
"forwards",181,310.12
"forwards",181,197.57
"forwards",181,308.27
"forwards",181,193.74
"forwards",181,322.1380716
"forwards",181,197.1832922
"forwards",300,338.72
"forwards",300,206.08
"forwards",300,338.69
"forwards",300,209.65
"forwards",300,307.75
"forwards",300,190.88
"forwards",300,309.43
"forwards",300,189.68
"forwards",300,310.05
"forwards",300,194.75
"forwards",300,305.98
"forwards",300,335.85
"forwards",300,193.83
"forwards",300,332.07
"forwards",300,193.91
"forwards",300,352.79
"forwards",300,224.21
"forwards",300,353.7
"forwards",300,222.32
"forwards",300,213.1906215
"forwards",300,208.3904609
"forwards",300,339.265242
"forwards",300,338.8763017
"forwards",300,351.6197516
"forwards",300,211.6153969
"forwards",300,341.5732327
"forwards",300,356.0090979
"forwards",300,211.6183135
"forwards",300,355.03
"forwards",300,205.69
"forwards",300,350.09
"forwards",300,207
"forwards",300,369.66
"forwards",300,206.83
"guards",240,309.37
"guards",240,178.19
"guards",240,180.4173559
"guards",240,334.1311732
"guards",240,312.82
"guards",240,184.55
"guards",240,328.05
"guards",240,186.85
"guards",240,323.42
"guards",240,191.71
"guards",240,337.68
"guards",240,189.66
"guards",240,333.22
"guards",240,192.29
"guards",240,342.98
"guards",240,197.98
"forwards",181,318.73
"forwards",181,180.4
"forwards",181,322.16
"forwards",181,186.87
"forwards",241,173.9148006
"forwards",241,281.1368699
"forwards",241,302.62
"forwards",241,175.11
"forwards",241,284.1055776
"forwards",241,176.9809913
"forwards",241,311.03
"forwards",241,179.72
"guards",240,300.53
"guards",240,172.38
"guards",240,173.18
"guards",240,312.41
"guards",240,173.08
"guards",240,309.7
"guards",240,182.58
"guards",240,321.47
"guards",240,183.93
"forwards",241,302.74
"forwards",241,187.57
"forwards",241,319.55
"forwards",241,183.78
"forwards",241,307.18
"forwards",241,191.73
"forwards",241,321.4
"forwards",241,190.18
"guards",240,308.63
"guards",240,308.63
"guards",240,184.45
"guards",240,184.45
"guards",240,321.19
"guards",240,321.19
"guards",240,184.37
"guards",240,184.37
"guards",240,314.87
"guards",240,314.87
"guards",240,188.54
"guards",240,188.54
"guards",240,327.04
"guards",240,327.04
"guards",240,189.11
"guards",240,189.11
"forwards",300,342.41
"forwards",300,199.79
"forwards",300,342.26
"forwards",300,198.94
"forwards",300,350.84
"forwards",300,206.78
"forwards",300,356.62
"forwards",300,199.4
"forwards",300,357.41
"forwards",300,212.97
"forwards",300,332.2
"forwards",300,196.09
"forwards",300,357.8711569
"forwards",300,201.1570794
"forwards",300,328.13
"forwards",300,194.16
"forwards",300,347.07
"forwards",300,196.74
"forwards",300,200.1706269
"forwards",300,339.6815633
"forwards",300,350.01
"forwards",300,200.74
"forwards",300,368.85
"forwards",300,225.38
"forwards",300,342.28
"forwards",300,205.38
"forwards",300,365.01
"forwards",300,204.62
"guards",241,291.97
"guards",241,180.38
"guards",241,286.33
"guards",241,193.02
"guards",241,190.45
"guards",241,317.47
"guards",241,189.44
"guards",241,320.72
"guards",241,195.83
"guards",241,302.1
"guards",241,190.65
"guards",241,325.44
"guards",241,191.38
"guards",255,304.08
"guards",255,304.08
"guards",255,304.08
"guards",255,304.08
"guards",255,191.29
"guards",255,191.29
"guards",255,191.29
"guards",255,191.29
"guards",255,314.48
"guards",255,314.48
"guards",255,314.48
"guards",255,314.48
"guards",255,189.47
"guards",255,189.47
"guards",255,189.47
"guards",255,189.47
"guards",255,303.01
"guards",255,303.01
"guards",255,303.01
"guards",255,303.01
"guards",255,185.21
"guards",255,185.21
"guards",255,185.21
"guards",255,185.21
"guards",255,300.42
"guards",255,300.42
"guards",255,300.42
"guards",255,300.42
"guards",255,179.58
"guards",255,179.58
"guards",255,179.58
"guards",255,179.58
"guards",255,307.45
"guards",255,307.45
"guards",255,307.45
"guards",255,307.45
"guards",255,195.67
"guards",255,195.67
"guards",255,195.67
"guards",255,195.67
"guards",255,302.13
"guards",255,302.13
"guards",255,302.13
"guards",255,302.13
"guards",255,322.24
"guards",255,322.24
"guards",255,322.24
"guards",255,322.24
"guards",255,194.44
"guards",255,194.44
"guards",255,194.44
"guards",255,194.44
"guards",255,303.2200016
"guards",255,303.2200016
"guards",255,303.2200016
"guards",255,303.2200016
"guards",255,185.3841327
"guards",255,185.3841327
"guards",255,185.3841327
"guards",255,185.3841327
"guards",255,307.19
"guards",255,307.19
"guards",255,307.19
"guards",255,307.19
"guards",255,196.03
"guards",255,196.03
"guards",255,196.03
"guards",255,196.03
"guards",300,336.4
"guards",300,208.04
"guards",300,337.83
"guards",300,213.33
"guards",300,362.15
"guards",300,214.91
"guards",300,383.59
"guards",300,215.01
"guards",300,329.56
"guards",300,201.25
"guards",300,216.9896051
"guards",300,382.2395438
"guards",300,380.8313023
"guards",300,222.8229476
"guards",300,350.95
"guards",300,197.76
"guards",300,363.79
"guards",300,208.51
"guards",300,236.1
"guards",300,366.3
"guards",300,377.29
"guards",300,229.05
"guards",300,380.1
"guards",300,228.87
"guards",300,366.38
"guards",300,231.72
"guards",300,353.9
"guards",300,223.61
"guards",300,355.45
"guards",300,225.89
"guards",300,381.27
"guards",300,220.42
"guards",300,375.19
"guards",300,224.14
"guards",300,333.96
"guards",300,209.35
"guards",300,329.17
"guards",300,213.95
"guards",300,326.42
"guards",300,370.99
"guards",300,216.94
"guards",300,370.96
"guards",300,215.64
"guards",300,385.56
"guards",300,248.61
"guards",300,410.22
"guards",300,252.29
"guards",300,390.88
"guards",300,240.77
"guards",300,377.1
"guards",300,240.16
"guards",443,408.39
"guards",443,247.13
"guards",443,442.7450313
"guards",443,273.0476202
"guards",443,250.1390146
"guards",443,403.64
"guards",443,248.07
"guards",443,434.73
"guards",443,248.64
"guards",448,435.73
"guards",448,271.77
"guards",448,274.29
"guards",448,462.88
"guards",448,430.37
"guards",448,270.83
"guards",448,457.98
"guards",448,275.02
"guards",443,254.21
"guards",443,417.04
"guards",443,256.38
"guards",443,446.03
"guards",443,257.61
"guards",443,422.01
"guards",443,452.05
"guards",443,260.61
"guards",448,472.5361654
"guards",448,285.0767181
"guards",448,465.337435
"guards",448,493.4245954
"guards",448,285.3426618
"guards",448,450.9
"guards",448,280.13
"guards",448,456.19
"guards",448,275.08
"guards",300,340.56
"guards",300,214.92
"guards",300,344.27
"guards",300,218.14
"guards",300,372.57
"guards",300,213.82
"guards",300,370.1
"guards",300,214.35
"guards",300,335.15
"guards",300,206.87
"guards",300,333.63
"guards",300,212.76
"guards",300,334.8
"guards",300,360.72
"guards",300,210.09
"guards",300,358.06
"guards",300,206.01
"guards",300,343.14
"guards",300,208.96
"guards",300,341.49
"guards",300,212.44
"guards",300,370.78
"guards",300,214.66
"guards",300,358.63
"guards",300,209.48
"guards",300,320.91
"guards",300,202.77
"guards",300,329.01
"guards",300,328.4
"guards",300,205.5
"guards",300,327.01
"guards",300,348.16
"guards",300,205.27
"guards",300,349.58
"guards",300,209.8
"guards",300,361.19
"guards",300,223.95
"guards",300,223.25
"guards",300,388.42
"guards",300,227.02
"guards",300,362.9
"guards",300,232.3
"guards",300,384.81
"guards",300,351.28
"guards",300,219.12
"guards",300,380.82
"guards",300,220.46
"guards",300,364.08
"guards",300,223.93
"guards",300,378.52
"guards",300,220.49
"guards",300,355
"guards",300,219.51
"guards",300,385.27
"guards",300,222.02
"guards",300,217.8994511
"guards",300,376.1786993
"guards",300,366.58
"guards",300,211.99
"guards",448,405.25
"guards",448,252.2
"guards",448,458.13
"guards",448,267.9
"guards",448,257.3810855
"guards",448,420.3248942
"guards",448,418.7225
"guards",448,256.790705
"guards",448,419.082543
"guards",448,458.96
"guards",448,263.16
"guards",448,471.97
"guards",448,263.96
"guards",448,424.2
"guards",448,268.78
"guards",448,459.27
"guards",448,263.96
"guards",255,334.88
"guards",255,334.88
"guards",255,334.88
"guards",255,334.88
"guards",255,216.13
"guards",255,216.13
"guards",255,216.13
"guards",255,216.13
"guards",255,360.95
"guards",255,360.95
"guards",255,360.95
"guards",255,360.95
"guards",255,355.56
"guards",255,355.56
"guards",255,355.56
"guards",255,355.56
"guards",255,218.81
"guards",255,218.81
"guards",255,218.81
"guards",255,218.81
"guards",300,219.65
"guards",300,377.04
"guards",300,369.8
"guards",300,226.18
"guards",300,360.85
"guards",300,220.29
"guards",300,375.93
"guards",300,219.66
"guards",300,362.85
"guards",300,228.15
"guards",300,380.32
"guards",300,227.06
"guards",448,428.57
"guards",448,258.54
"guards",448,442.6
"guards",448,259.04
"guards",448,406.45
"guards",448,251.59
"guards",448,443.74
"guards",448,256.94
"guards",448,259.7
"guards",448,440.07
"guards",448,475.09
"guards",448,274.04
"guards",448,426.99
"guards",448,255.62
"guards",448,442.67
"guards",448,254.62
"guards",448,430.34
"guards",448,264.55
"guards",448,458.5
"guards",448,267.97
"guards",448,447.75
"guards",448,263.54
"guards",448,263.54
"guards",448,451.23
"guards",535,574.75
"guards",535,316.09
"guards",300,200.3050615
"guards",300,285.3144899
"guards",300,262.63
"guards",300,184.22
"guards",300,351.06
"guards",300,391.34
"guards",300,325.08889
"guards",300,308.87385
"guards",300,211.76469
"guards",300,211.00119
"guards",300,326.8325
"guards",300,318.3974551
"guards",300,327.44
"guards",300,390.36
"guards",300,386.75
"guards",300,205.12
"guards",300,319.35
"guards",300,208.07
"guards",300,310.71
"guards",300,206.88
"guards",540,442.29
"guards",540,278.67
"guards",540,467.79
"guards",540,284.22
"guards",540,492.9
"guards",540,283.56
"guards",11,169.44
"guards",11,227.82
"guards",11,207.88
"guards",11,202.6
"guards",11,169.81
"guards",231,398.92
"guards",231,296.88
"guards",231,293.84
"guards",231,231.2274381
"guards",231,192.4388341
"forwards",300,338.64
"forwards",300,205.28
"forwards",300,339.97
"forwards",300,204.35
"forwards",300,339.77
"forwards",300,206.19
"forwards",300,350.88
"forwards",300,206.09
"forwards",300,220.94
"forwards",300,351.44
"forwards",300,232.4
"forwards",300,360.86
"forwards",300,342.58
"forwards",300,219.52
"forwards",300,366.54
"forwards",300,369.89
"forwards",300,241.97
"forwards",300,341.97
"forwards",300,213.08
"forwards",300,346.44
"forwards",300,214.62
"forwards",300,350.08
"forwards",300,217.81
"forwards",300,365.49
"forwards",300,218.79
"guards",425,482.93
"guards",425,291.06
"guards",425,412.8
"guards",425,242.65
"guards",425,364.59
"guards",425,229.09
"guards",425,487.96
"guards",425,285.75
"guards",425,428.2663595
"guards",425,245.2280257
"guards",425,236.366618
"guards",425,371.4423368
"guards",553,485.57
"guards",553,294.7
"guards",553,450.2
"guards",553,274.86
"guards",553,602.28
"guards",553,351.27
"guards",553,496.39
"guards",553,295.43
"guards",553,446.79
"guards",553,273.25
"guards",553,610.51
"guards",553,354.67
"forwards",300,395.82
"forwards",300,239.22
"centers",181,282.5
"centers",181,282.5
"centers",181,282.5
"centers",181,282.5
"centers",181,212.54
"centers",181,212.54
"centers",181,212.54
"centers",181,212.54
"centers",181,295.11
"centers",181,295.11
"centers",181,295.11
"centers",181,295.11
"centers",181,210.13
"centers",181,210.13
"centers",181,210.13
"centers",181,210.13
"forwards",241,322.65
"forwards",241,224.65
"forwards",241,338.22
"forwards",241,224.8
"forwards",300,382.5934697
"forwards",300,246.4232731
"forwards",300,252.7437892
"forwards",300,375.4820652
"forwards",300,381.33
"forwards",300,230.28
"forwards",300,380.22
"forwards",300,242.89
"forwards",300,241.58
"forwards",300,390.19
"forwards",300,250.2012308
"forwards",300,379.1306399
"forwards",300,372.9927851
"forwards",300,241.5423528
"forwards",300,372.08
"forwards",300,232.18
"forwards",300,393.76
"forwards",300,232.87
"centers",567,491.62
"centers",567,330.69
"centers",567,522.35
"centers",300,365.02
"centers",300,232.52
"centers",300,386.52
"centers",300,231.87
"centers",255,326.34
"centers",255,326.34
"centers",255,326.34
"centers",255,326.34
"centers",255,219.79
"centers",255,219.79
"centers",255,219.79
"centers",255,219.79
"centers",255,384.72
"centers",255,384.72
"centers",255,384.72
"centers",255,384.72
"centers",255,366.43
"centers",255,366.43
"centers",255,366.43
"centers",255,366.43
"centers",255,376.89
"centers",255,376.89
"centers",255,376.89
"centers",255,376.89
"centers",255,338.36
"centers",255,338.36
"centers",255,338.36
"centers",255,338.36
"centers",255,220.38
"centers",255,220.38
"centers",255,220.38
"centers",255,220.38
"centers",443,474.6
"centers",443,294.81
"centers",443,501.86
"centers",300,373.51
"centers",300,236.2
"centers",300,236.7764221
"centers",300,398.7159156
"centers",300,243.589217
"centers",300,403.85
"centers",300,253.94
"centers",300,421.37
"centers",300,392.45
"centers",300,248.42
"centers",300,420.99
"centers",443,470.2
"centers",443,297.51
"centers",443,503.03
"guards",241,317.6040369
"guards",241,190.6767543
"guards",241,315.7339889
"guards",241,185.4932276
"guards",241,315.89
"guards",241,184.61
"guards",335,235.78
"guards",335,374.05
"guards",335,454.03
"guards",335,304.74
"guards",211,198.4124197
"guards",211,295.1562901
"guards",208,303.1
"guards",208,198.54
"guards",211,282.67
"guards",211,187.25
"guards",214,324.84
"guards",214,222.4813426
"guards",214,303.98
"guards",214,207.03
"guards",208,288.67
"guards",208,192.08
"guards",122,244.47
"guards",122,172.6
"guards",122,251.55
"guards",122,175.72
"guards",122,230
"guards",122,163.7
"guards",122,173.88
"guards",122,233.11
"guards",134,232.51
"guards",134,156.4
"guards",134,163.3399949
"guards",134,239.0611064
"guards",134,170.3531579
"guards",134,254.5071058
"guards",134,244.0599905
"guards",134,167.6045486
"guards",134,255.7502525
"guards",134,167.528247
"guards",134,236.57
"guards",134,156.15
"guards",122,194.0098079
"guards",122,272.4884017
"guards",122,189.787774
"guards",122,276.0283064
"guards",122,250.75
"guards",122,173.74
"guards",122,176.57
"guards",122,238.18
"guards",122,245.08
"guards",122,169.65
"guards",122,210.72
"guards",122,275.82
"guards",122,194.28
"guards",122,258.39
"guards",180,268.9
"guards",180,186.33
"guards",180,266.64
"guards",180,187.04
"guards",180,258.66
"guards",180,180.27
"guards",180,256.72
"guards",180,176.5
"guards",189,190.98
"guards",189,262.1027269
"guards",189,187.1839312
"guards",189,276.6900218
"guards",189,292.98
"guards",189,183.79
"guards",189,265.242842
"guards",189,189.603197
"guards",189,188.6236741
"guards",189,280.0962293
"guards",189,301.47
"guards",189,194.13
"guards",180,276.81
"guards",180,192.63
"guards",180,266.75
"guards",180,176.94
"guards",180,257.38
"guards",180,175.07
"guards",180,267.47
"guards",180,183.44
"guards",180,195.52
"guards",180,273.78
"guards",180,195.26
"guards",180,261.18
"guards",180,206.8516239
"guards",180,296.1090042
"guards",180,203.25
"guards",180,270.97
"guards",228,271.9708968
"guards",228,207.8940123
"guards",228,203.7413886
"guards",228,275.79
"guards",228,194.47
"guards",228,305.99
"guards",228,205.32
"guards",237,325.32014
"guards",237,306.665
"guards",237,195.463375
"guards",237,310.4171931
"guards",237,274.8182762
"forwards",184,300.71133
"forwards",184,170.69
"forwards",184,300.12829
"forwards",184,168.112
"forwards",184,289.6457
"forwards",184,162.443
"forwards",184,160.968
"forwards",184,284.79152
"forwards",295,353.81205
"forwards",295,193.722
"forwards",295,192.449
"forwards",295,372.5937564
"forwards",295,200.8907203
"forwards",295,385.4714
"forwards",295,217.856
"forwards",295,381.82446
"forwards",295,218.721
"forwards",295,359.61655
"forwards",295,205.242
"forwards",295,360.84485
"forwards",295,206.65
"guards",359,490.51335
"guards",359,271.092
"guards",359,273.12
"guards",359,485.87842
"guards",292,370.22318
"guards",292,224.691
"forwards",283,410.56653
"forwards",283,250.166
"forwards",283,413.62589
"forwards",283,254.34
"forwards",283,254.483
"guards",470,510.55036
"guards",470,281.842
"guards",470,476.38942
"guards",470,256.438
"guards",372,448.19372
"guards",372,253.891
"guards",372,250.826
"guards",370,474.54975
"guards",370,272.198
"guards",707,552.39543
"guards",707,451.583
"guards",707,319.409
"guards",707,551.29889
"guards",707,308.268
"guards",707,438.965
"guards",292,370.3176
"guards",292,205.615
"guards",292,197.456
"guards",292,359.58772
"guards",359,475.1244
"guards",359,258.709
"guards",292,233.399
"guards",292,386.03239
"guards",158,276.59398
"guards",158,276.7576
"guards",158,173.885
"guards",158,174.537
"guards",160,252.42547
"guards",160,170.973
"guards",160,251.5644
"guards",160,170.158
"guards",158,275.18603
"guards",158,171.526
"guards",158,275.79564
"guards",158,172.241
"guards",160,244.4832
"guards",160,156.6
"guards",160,156.6
"guards",160,244.77624
"forwards",184,305.42522
"forwards",184,189.079
"forwards",184,301.18293
"forwards",184,188.301
"forwards",184,311.39393
"forwards",184,200.783
"forwards",184,313.72324
"forwards",184,201.049
"guards",184,178.5453801
"guards",184,311.2107469
"guards",184,308.9534901
"forwards",184,293.52978
"forwards",184,179.039
"forwards",184,302.30642
"forwards",184,182.341
"centers",290,381.31731
"centers",290,243.849
"centers",290,375.10981
"centers",290,238.933
"centers",290,399.00969
"centers",290,258.446
"centers",290,395.03893
"centers",290,256.199
"centers",360,521.0953
"centers",360,286.133
"centers",360,283.127
"guards",100,251.08039
"guards",100,182.789
"forwards",160,282.64718
"forwards",160,193.197
"guards",160,192.2496321
"guards",160,291.3358213
"guards",160,269.57371
"guards",160,190.972
"guards",160,270.01731
"guards",160,191.085
"forwards",160,313.90709
"forwards",160,207.737
"centers",184,339.48839
"centers",184,233.278
"centers",184,339.17983
"centers",184,234.108
"forwards",184,340.20712
"forwards",184,211.04
"centers",184,252.869
"centers",184,255.018
"centers",184,362.1362386
"forwards",184,338.70241
"forwards",184,224.041
"forwards",184,333.12217
"forwards",184,224.901
"forwards",271,346.99261
"forwards",271,229.757
"forwards",271,346.63366
"forwards",271,228.423
"forwards",271,387.8945463
"forwards",271,240.9523569
"forwards",271,382.3387339
"forwards",184,206.9866687
"forwards",184,326.2695587
"forwards",271,340.35304
"forwards",271,219.886
"forwards",271,339.33748
"forwards",271,217.908
"forwards",184,324.29538
"forwards",184,193.09
"forwards",184,321.68836
"forwards",184,194.541
"forwards",271,366.93647
"forwards",271,243.311
"forwards",271,367.29376
"forwards",271,244.28
"centers",172,340.22632
"centers",172,236.161
"centers",360,290.1
"centers",360,507.89322
"centers",172,359.7397
"centers",172,359.7397
"centers",172,359.7397
"centers",172,238.769
"centers",172,238.769
"centers",172,238.769
"centers",172,363.5842
"centers",172,363.5842
"centers",172,363.5842
"centers",172,239.86
"centers",172,239.86
"centers",172,239.86
"centers",290,377.9
"centers",290,249
"centers",290,268.2230611
"centers",290,421.9515798
"centers",360,531.4853879
"centers",360,319.9102261
"centers",172,384.45149
"centers",172,384.45149
"centers",172,384.45149
"centers",172,379.14767
"centers",172,379.14767
"centers",172,379.14767
"centers",172,259.406
"centers",172,259.406
"centers",172,259.406
"centers",172,259.268
"centers",172,259.268
"centers",172,259.268
"centers",470,563.07996
"centers",470,343.854
"centers",158,204.215
"centers",158,300.2058
"centers",158,214.56
"centers",158,304.24011
"centers",172,348.88845
"centers",172,277.615
"forwards",160,201.8611563
"forwards",160,290.5048957
"forwards",180,320.0806735
"forwards",180,206.2660626
"forwards",180,302.9025
"forwards",180,297.09834
"forwards",180,188.411
"forwards",180,297.86191
"forwards",180,188.072
"forwards",160,276.08782
"forwards",160,195.021
"forwards",160,278.0666
"forwards",160,194.168
"forwards",180,331.5249654
"forwards",180,216.1570644
"forwards",180,218.3723264
"centers",290,447.34155
"centers",290,318.829
"centers",290,302.756
"centers",290,426.39295
"guards",290,453.42397
"guards",290,309.365
"centers",290,429.94932
"centers",290,297.145
"centers",290,250.108
"centers",290,385.31775
"centers",290,388.56779
"centers",290,251.993
"centers",290,420.18817
"centers",290,257.66
"centers",290,417.7078
"centers",290,256.746
"centers",390,300.852
"centers",390,296.051
"centers",390,481.19085
"centers",390,476.22187
"centers",390,292.585
"centers",390,503.94486
"centers",390,310.425
"centers",390,311.998
"centers",390,483.1826
"centers",390,479.12308
"centers",240,415.3
"centers",240,415.3
"centers",240,415.3
"centers",240,413
"centers",240,413
"centers",240,413
"centers",240,272.1
"centers",240,272.1
"centers",240,272.1
"centers",240,273.9
"centers",240,273.9
"centers",240,273.9
"centers",230,247.7275022
"centers",230,247.7275022
"centers",230,247.7275022
"centers",230,385.3712789
"centers",230,385.3712789
"centers",230,385.3712789
"centers",240,387.3
"centers",240,387.3
"centers",240,387.3
"centers",240,386
"centers",240,386
"centers",240,386
"centers",240,261.1
"centers",240,261.1
"centers",240,261.1
"centers",240,261.1
"centers",240,261.1
"centers",240,261.1
"centers",240,261.3457495
"centers",240,261.3457495
"centers",240,261.3457495
"centers",240,397.8850292
"centers",240,397.8850292
"centers",240,397.8850292
"forwards",184,334.4049683
"forwards",184,220.3503536
"guards",640,614.21549
"guards",640,354.838
"guards",640,489.588
"guards",645,583.19676
"guards",645,314.95
"guards",645,445.913
"guards",558,514.92
"guards",558,372.615
"guards",558,496.3
"guards",558,374.38
"guards",558,366.231
"guards",558,614.689
"guards",558,364.293
"guards",558,589.921
"guards",553,448.891
"guards",553,278.713
"guards",553,421.772
"guards",553,277.637
"guards",553,466.559
"guards",553,279.11
"guards",553,437.378
"guards",553,278.797
"guards",725,596.476
"guards",725,406.09
"guards",725,577.186
"guards",725,398.22
"guards",725,667.14
"guards",725,408.16
"guards",725,632.11
"guards",725,404.771
"guards",652,628.71
"guards",652,390.02
"guards",652,596.198
"guards",652,385.81
"guards",652,708.95
"guards",652,389.168
"guards",652,385.06
"guards",652,670.92
"guards",141,172.8648383
"guards",141,161.3825111
"guards",141,169.7150958
"guards",141,154.5939573
"centers",325,383.191
"centers",325,235.96
"centers",245,210.576
"centers",245,335.289
"centers",280,392.557
"centers",280,239.812
"centers",325,414.253
"centers",325,278.646
"centers",325,408.341
"centers",325,265.211
"centers",245,351.947
"centers",245,223.314
"centers",237,322.856
"centers",237,212.614
"centers",365,497.043
"centers",365,353.713
"centers",365,453.336
"centers",365,290.075
"centers",365,486.871
"centers",365,313.727
"centers",365,498.452
"centers",365,328.879
"centers",365,488.438
"centers",365,314.934
"centers",365,476.729
"centers",365,301.173
"centers",365,500.198
"centers",365,319.515
"centers",365,479.541
"centers",365,319.007
"centers",365,497.25
"centers",365,330.457
"centers",287,279.511
"centers",287,429.938
"centers",287,409.736
"centers",287,269.556
"centers",237,389.958
"centers",237,275.824
"centers",287,397.136
"centers",287,248.719
"centers",287,413.648
"centers",287,262.806
"centers",300,452.945
"centers",300,308.731
"centers",300,435.9
"centers",300,294.739
"centers",325,368.207
"centers",325,250.065
"centers",282,259.622
"centers",282,364.012
"centers",282,384.329
"centers",282,250.2653
"centers",282,422.43
"centers",282,287.752
"centers",282,400.6605
"centers",282,271.9015
"centers",282,403.944
"centers",282,278.499
"centers",282,267.0792
"centers",282,386.3671
"centers",365,260.717
"centers",365,396.625
"centers",365,412.82
"centers",365,267.651
"centers",325,359.453
"centers",325,242.839
"centers",365,428.204
"centers",365,281.769
"centers",325,274.355
"centers",325,394.094
"centers",385,449.71
"centers",385,288.43
"centers",385,435.2212
"centers",385,271.6875
"centers",385,468.016
"centers",385,271.0894
"centers",385,286.906
"centers",385,436.6978
"centers",385,476.515
"centers",385,436.8153
"centers",385,271.8447
"centers",385,286.306
"centers",385,509.07
"centers",385,345.682
"centers",385,480.6433
"centers",385,327.4232
"centers",385,484.186
"centers",385,306.406
"centers",385,460.366
"centers",385,286.3655
"guards",120,174.5
"guards",120,248.44
"guards",120,170.5934991
"guards",120,252.7136641
"guards",120,211.616
"guards",120,143.701
"guards",120,213.643
"guards",285,396.465
"guards",285,251.855
"guards",355,464.061
"guards",355,296.377
"guards",355,444.194
"guards",355,284.33
"guards",160,239.9845
"guards",160,255.429
"guards",160,148.0657
"guards",160,154.45
"guards",160,160.996
"guards",160,253.258
"guards",123,222.199
"guards",123,147.314
"guards",123,157.5391172
"guards",123,232.7277223
"guards",141,152.0873189
"guards",141,146.3079723
"guards",237,322.75
"guards",237,201.969
"guards",169,192.117
"guards",169,310.604
"guards",169,292.213
"guards",169,170.441
"guards",169,277.468
"guards",169,167.989
"guards",141,175.157
"guards",141,175.807
"guards",300,379.535697
"guards",300,230.0535454
"guards",420,472.258
"guards",420,252.755
"guards",420,381.253
"guards",420,594.838
"guards",300,405.87
"guards",300,222.514
"guards",310,326.017
"guards",310,197.652
"guards",310,340.931
"guards",310,209.372
"guards",310,312.74
"guards",310,200.53
"guards",420,449.211
"guards",420,255.72
"guards",420,452.871
"guards",420,258.174
"guards",420,263.098
"guards",420,456.929
"guards",420,472.035
"guards",420,275.103
"guards",420,470.856
"guards",420,462.366
"guards",420,273.275
"guards",420,266.018
"guards",420,471.159
"guards",420,283.077
"guards",420,479.84
"guards",420,284.021
"guards",300,389.767
"guards",300,242.263
"guards",526,528.212
"guards",526,307.835
"guards",526,505.809
"guards",526,293.522
"guards",237,344.826
"guards",237,212.181
"centers",270,500.422
"centers",270,334.457
"centers",270,327.6542328
"centers",270,503.4224765
"centers",270,372.751
"centers",270,352.1613
"centers",270,509.254
"centers",270,489.5341
"centers",365,348.759
"centers",365,509.257
"guards",365,418.769
"guards",365,255.853
"guards",285,365.753
"guards",285,224.595
"guards",365,449.629
"guards",365,281.4
"guards",365,458.477
"guards",365,283.601
"guards",305,256.32
"guards",305,388.877
"guards",305,241.5857
"guards",305,363.3
"guards",285,389.431
"guards",285,237.695
"guards",285,387.194
"guards",285,240.736
"centers",170,213.315
"centers",170,312.685
"centers",170,323.243
"centers",170,214.363
"centers",170,313.495
"centers",170,211.283
"centers",170,315.927
"centers",169,335.514
"centers",169,222.258
"centers",168,223.088
"centers",168,346.003
"centers",168,227.421
"centers",168,228.281
"centers",168,356.718
"guards",304,370.595
"guards",304,224.927
"guards",237,343.419
"guards",237,227.436
"centers",305,400.863
"centers",305,246.504
"centers",380,485.098
"centers",380,325.557
"centers",380,493.4242136
"centers",380,337.8855667
"forwards",255,411.4
"forwards",255,230.8
"guards",182,173.6
"guards",182,173.6
"guards",182,282.1
"guards",182,282.1
"forwards",303,414.936
"forwards",303,241.91
"forwards",303,419.2
"forwards",303,246.2
"forwards",182,361.136
"forwards",182,202.626
"guards",260,371.8
"guards",260,234.5
"guards",250,203.4610451
"guards",250,345.4409391
"forwards",182,329.619
"forwards",182,196.609
"guards",550,513.7
"guards",550,344.5
"guards",272,364.085
"guards",272,212.945
"guards",272,376.6
"guards",272,222.2
"guards",272,344.5
"guards",272,229.6
"guards",272,228.5
"guards",272,329.1
"guards",272,214.7
"guards",272,213.6
"guards",272,339.2
"guards",272,222.7
"guards",272,221.6
"guards",272,343.1
"guards",272,221.1
"guards",272,220
"guards",196,330.5084051
"guards",196,193.6831587
"guards",196,329.2735399
"forwards",301,385.453
"forwards",301,227.832
"guards",272,344.171
"guards",272,209.053
"guards",420,268.523
"guards",420,456.822
"forwards",301,384.7
"forwards",301,221.1
"forwards",301,384.7
"forwards",301,240.2
"guards",556,614.987
"guards",556,614.987
"guards",556,364.68
"guards",556,364.68
"centers",425,479.977
"centers",425,293.944
"centers",425,485.6
"centers",425,303.3
"centers",425,491.424
"centers",425,308.362
"centers",425,493.7
"centers",425,310.7
"forwards",280,417.204
"forwards",280,255.981
"forwards",280,448.284
"forwards",280,272.241
"forwards",280,399.832
"forwards",280,247.172
"forwards",280,411.814
"forwards",280,259.343
"forwards",280,457.828
"forwards",280,283.732
"forwards",280,279.432
"forwards",280,436.361
"guards",303,422.811
"guards",303,263.328
"guards",303,319.301
"guards",303,570.273
"guards",303,510.4271188
"guards",303,319.6465493
"guards",410,448.201
"guards",410,268.16
"guards",303,489.612
"guards",303,308.198
"guards",303,465.3
"guards",303,287.6
"forwards",304,396.7
"forwards",304,234.5
"forwards",304,437.8
"forwards",304,257.6
"forwards",304,422.989
"forwards",304,228.168
"guards",420,451.1
"guards",420,264.5
"guards",420,472.7
"guards",420,279.5
"guards",420,451.1
"guards",420,253.9
"forwards",182,316.042
"forwards",182,197.151
"forwards",182,309.317
"forwards",182,197.294
"forwards",182,348.5
"forwards",182,222.7
"forwards",182,348.5
"forwards",182,222.7
"forwards",182,339.2
"forwards",182,219.4
"forwards",182,339.2
"forwards",182,219.4
"centers",425,490.367
"centers",425,309.321
"centers",345,442.1
"centers",345,279.5
"centers",345,425.3
"centers",345,265.6
"centers",345,451.1
"centers",345,275.1
"centers",345,434.1
"centers",345,261.2
"centers",345,448.8
"centers",345,289.5
"centers",345,431.2
"centers",345,274.9
"centers",345,444.4
"centers",345,283
"centers",345,428.2
"centers",345,269
"centers",345,442.1
"centers",345,279.5
"centers",345,451.1
"centers",345,275.1
"centers",345,448.8
"centers",345,289.5
"guards",304,379.669
"guards",304,212.396
"guards",556,633.583
"guards",556,371.042
"guards",556,612.9
"guards",556,356.9
"guards",556,612.9
"guards",556,356.9
"guards",400,499.224
"guards",400,295.091
"guards",505,551.568
"guards",505,334.453
"forwards",280,393.576
"forwards",280,247.409
"forwards",280,391.223
"forwards",280,242.376
"guards",356,491
"guards",356,279.5
"guards",356,419.2
"guards",356,469.8
"guards",356,267.9
"guards",425,511.959
"guards",425,304.335
"centers",194,366.131
"centers",194,244.632
"centers",194,352.943
"centers",194,237.154
"centers",300,389.91
"centers",300,248.148
"centers",194,252.885387
"centers",194,381.4741024
"centers",300,406.895
"centers",300,263.735
"centers",300,481.675
"centers",300,366.787
"guards",450,421.225
"guards",450,232.981
"guards",450,405.219
"guards",450,405.219
"guards",450,210.114
"guards",450,210.114
"guards",455,444.07
"guards",455,214.148
"guards",455,220.376
"guards",650,481.547
"guards",650,295.16
"guards",650,467.143
"guards",650,279.322
"guards",650,538.557
"guards",650,299.183
"guards",138,243.361
"guards",138,147.103
"guards",138,263.7
"guards",138,166.1
"guards",140,179.8427335
"guards",140,311.466212
"guards",138,171.521
"guards",138,277.32
"guards",148,153.9586364
"guards",148,153.9586364
"guards",148,153.9586364
"guards",148,292.3471281
"guards",148,292.3471281
"guards",148,292.3471281
"guards",148,152.5160134
"guards",148,152.5160134
"guards",148,152.5160134
"guards",140,266.9
"guards",140,166.4
"guards",140,266.9
"guards",140,166.1
"guards",140,263.7
"guards",140,161.9
"guards",140,263.7
"guards",140,161.6
"forwards",308,429.3
"forwards",308,256.1
"forwards",308,270.1017655
"forwards",308,448.6408471
"forwards",182,313.887
"forwards",182,202.82
"forwards",182,333.935
"forwards",182,203.609
"centers",280,645.137
"centers",280,387.664
"centers",280,678.4
"centers",280,402.1
"centers",323,409.5
"centers",323,662.6
"centers",323,398.4
"centers",323,678.4
"centers",323,409.5
"centers",323,678.4
"centers",323,691.8
"centers",323,411.4
"centers",323,716.7
"centers",323,429.3
"forwards",280,396.86
"forwards",280,367.715
"forwards",280,213.308
"forwards",280,199.424
"forwards",280,417.2
"forwards",280,391
"forwards",280,229.6
"forwards",280,216.3
"guards",305,375.564
"guards",305,220.689
"forwards",305,357.962
"forwards",305,216.663
"centers",285,430.344
"centers",285,287.903
"centers",285,430.667
"centers",285,290.121
"centers",285,403.5
"centers",285,270.2
"centers",285,396.7
"centers",285,266.1
"centers",285,414.1
"centers",285,274.9
"centers",285,405.8
"centers",285,270.1
"centers",285,431.2
"centers",285,282.3
"centers",285,423.2
"centers",285,277.7
"centers",285,425.2
"centers",285,289.5
"centers",285,431.2
"centers",285,295.5
"centers",285,480.831
"centers",285,306.872
"centers",285,460.367
"centers",285,296.37
"centers",345,285.423
"centers",345,454
"centers",345,433.659
"centers",345,266.808
"centers",345,285.423
"centers",345,454
"centers",345,476.9
"centers",345,296.9
"centers",345,472.7
"centers",345,295.2
"centers",345,460.5
"centers",345,293.3
"centers",345,472.7
"centers",345,295.2
"centers",345,460.5
"centers",345,293.3
"centers",345,285.423
"centers",345,454
"centers",345,437.22
"centers",345,269.744
"centers",345,293.3
"centers",345,460.5
"centers",345,449.6
"centers",345,279.8
"centers",345,290.4
"centers",345,458.1
"centers",345,446.5
"centers",345,277.3
"centers",345,293.3
"centers",345,460.5
"guards",250,340.772
"guards",250,211.186
"guards",196,275.109
"guards",196,168.845
"guards",196,270.487
"guards",196,170.331
"guards",196,294.3
"guards",196,191.9
"guards",138,255.4
"guards",138,171.2
"guards",138,238.202
"guards",138,156.352
"guards",140,177.7
"guards",140,282.1
"guards",138,262.2
"guards",138,180.6
"guards",138,276.9
"guards",138,186.3
"guards",138,184.776
"guards",138,252.805
"guards",85,161.5033025
"guards",85,223.3808235
"guards",85,216.847
"guards",85,158.776
"guards",138,202.119
"guards",138,286.238
"guards",85,233.936
"guards",85,270.216
"guards",85,241.518
"guards",85,184.5448
"guards",85,165.42127
"centers",425,497.074
"centers",425,317.902
"centers",425,512.554
"centers",425,319.872
"centers",425,552.6700887
"centers",425,365.6077139
"centers",352,711
"centers",352,423.2
"guards",201,331.2
"guards",201,205.68
"guards",201,292.25
"guards",201,414.6
"guards",201,363.88
"guards",150,286.17
"guards",150,180.11
"guards",290,355.23
"guards",290,222.96
"guards",290,386.6089208
"guards",290,237.0296642
"centers",273,350.84
"centers",273,224.48
"centers",273,362.05
"centers",273,235.19
"forwards",206,281.1647093
"forwards",206,170.1607322
"forwards",206,276.66
"forwards",206,176.06
"guards",290,321.19
"guards",290,179.83
"guards",290,321.41
"guards",290,180.6
"guards",290,326.97
"guards",290,195.51
"guards",290,327.61
"guards",290,195.17
"guards",185,288.57
"guards",185,179.58
"guards",185,287.72
"guards",185,180.23
"guards",185,305.23
"guards",185,189.2
"guards",185,308.67
"guards",185,186.96
"guards",278,339.63
"guards",278,194.63
"guards",278,339.89
"guards",278,196.37
"guards",278,328.42
"guards",278,182.62
"guards",278,327.49
"guards",278,183.34
"guards",278,342.92
"guards",278,197.59
"guards",278,343.06
"guards",278,196.79
"guards",278,330.37
"guards",278,183.34
"guards",278,331.14
"guards",278,183.05
"guards",278,390.01
"guards",278,225.72
"guards",278,391.78
"guards",278,227.74
"guards",185,174.5470595
"guards",185,262.268696
"guards",185,254.24
"guards",185,172.41
"guards",185,266.3706946
"guards",185,174.8032353
"guards",185,262.0502709
"guards",185,250.15
"guards",185,169.65
"guards",189,266.3271596
"guards",189,184.1018944
"guards",189,185.7909357
"guards",189,273.5545068
"guards",185,255.44
"guards",185,172.79
"guards",185,253.86
"guards",185,173.36
"guards",185,251.25
"guards",185,167.91
"guards",185,249.71
"guards",185,169.1
"guards",189,265.24
"guards",189,180.44
"guards",189,264.36
"guards",189,180.41
"guards",196,205.76
"guards",196,123.68
"guards",196,126.42
"guards",196,206.5873781
"guards",196,130.0523816
"guards",196,129.3018001
"guards",143,244.54
"guards",143,173.55
"guards",143,244.68
"guards",143,172.75
"guards",143,228.08
"guards",143,162.49
"guards",143,164.6034153
"guards",143,238.8438656
"guards",143,229.03
"guards",143,162.85
"guards",143,223.62
"guards",143,159.37
"guards",143,225.11
"guards",143,159.24
"guards",143,228.09
"guards",143,163.37
"guards",143,162.74
"guards",143,229.6
"guards",143,161.8265468
"guards",143,232.7304028
"guards",143,222.67
"guards",143,157.65
"guards",110,192.82
"guards",110,124.26
"guards",110,194.57
"guards",110,124.28
"guards",143,154.2994228
"guards",143,224.2646939
"guards",143,213.48
"guards",143,148.47
"guards",143,214.9
"guards",143,149.67
"guards",143,214.32
"guards",143,149.17
"guards",110,144.35
"guards",110,131.45
"guards",110,145.73
"guards",110,133.35
"guards",110,143.86
"guards",110,131.43
"guards",110,145.92
"guards",110,132.53
"guards",201,335.46
"guards",201,213.34
"guards",201,406.14
"guards",201,366.21
"guards",201,299.32
"forwards",185,265.4914783
"forwards",185,189.8976183
"forwards",185,256.6122953
"forwards",185,186.8714997
"forwards",185,252.15
"forwards",185,183.9
"forwards",185,249.73
"forwards",185,184.36
"forwards",185,263.68
"forwards",185,194.65
"forwards",185,265.61
"forwards",185,195.29
"forwards",185,272.073919
"forwards",185,196.1011665
"forwards",185,265.6460453
"forwards",185,194.0945642
"forwards",185,259.6
"forwards",185,187.92
"forwards",185,261.58
"forwards",185,191.56
"guards",135,185.08
"guards",135,159.79
"guards",135,217.03
"guards",135,163.03
"forwards",192,320.94
"forwards",192,205.07
"guards",278,355.99
"guards",278,213.23
"guards",278,228.53
"guards",278,377.35
"guards",128,208.26
"guards",128,161.95
"guards",128,208.17
"guards",128,161.54
"guards",128,236.26
"guards",128,171.49
"guards",128,232.04
"guards",128,167.74
"guards",130,151.87
"guards",130,198.3511029
"guards",130,197.67
"guards",130,150.82
"centers",248,371.69
"centers",248,229.58
"guards",250,250
"guards",250,391.89
"guards",250,401.08
"guards",250,250.41
"guards",250,408.1
"guards",250,261.09
"guards",250,420.17
"guards",250,263.25
"guards",310,358.15
"guards",310,206.38
"guards",310,205.82
"guards",310,357.12
"guards",293,359.5251996
"guards",293,221.2527458
"guards",293,375.7709
"guards",293,226.2511
"guards",173,280.8065
"guards",173,177.759
"guards",173,284.4219
"guards",173,183.3401
"guards",173,285.6865
"guards",173,177.9645
"guards",173,291.3327
"guards",173,185.9381
"guards",173,287.7302
"guards",173,190.3202
"guards",173,192.8838354
"guards",173,286.6533909
"guards",173,291.9675
"guards",173,192.0793
"guards",173,287.3749
"guards",173,186.0638
"guards",145,253.8639
"guards",145,171.8962
"guards",145,254.967
"guards",145,169.0118
"guards",429,481.0397
"guards",429,277.8358
"guards",311,255.0800646
"guards",311,436.0278819
"guards",311,390.114
"guards",311,222.3062
"guards",420,484.0132
"guards",420,275.9066
"guards",348,452.2789
"guards",348,279.1342
"guards",348,383.4408
"guards",348,504.4056
"guards",348,512
"guards",348,376.4183
"guards",348,499.3705
"guards",348,493.4472
"guards",348,434.8942
"guards",348,260.2726
"guards",348,439.2253
"guards",348,254.2506
"guards",348,376.2277
"guards",348,484.808
"guards",348,474.4901
"guards",348,451.9327
"guards",348,379.2174
"guards",348,516.1408
"guards",348,520.3963
"guards",348,289.2187
"guards",348,455.9223
"guards",348,283.3759
"guards",348,384.2648
"guards",348,526.8304
"guards",348,504.4297
"guards",290,265.2879347
"guards",290,418.6229046
"guards",290,423.6213434
"guards",290,389.6984
"guards",290,252.8576
"guards",290,402.6
"guards",290,257.2461
"guards",290,389.81
"guards",290,247.51
"guards",265,365.397
"guards",265,236.2827
"guards",265,384.4865
"guards",265,261.2707
"guards",265,380.8554
"guards",265,256.0844
"guards",187,343.209
"guards",187,231.7676
"guards",190,370.3689
"guards",190,250.406
"guards",265,368.2011
"guards",265,244.446
"guards",290,422.8205
"guards",290,262.64253
"guards",290,414.0176
"guards",290,448.6178
"guards",290,280.3811
"guards",290,424.6579
"guards",245,199.7241153
"guards",245,309.5390395
"guards",245,206.731
"guards",245,332.4166
"guards",185,301.1569
"guards",185,186.5346
"guards",185,293.2051
"guards",185,176.0291
"guards",185,290.3604
"guards",185,179.6677
"guards",185,275.8432
"guards",185,168.1706
"guards",178,244.8977986
"guards",178,166.9056483
"guards",159,184.7263
"guards",159,156.6188
"guards",159,157.7761198
"guards",159,186.9975157
"centers",180,364.5972
"centers",180,248.54
"centers",180,250.2217
"centers",180,359.5093212
"centers",182,348.7806
"centers",182,249.6096
"centers",182,338.1645
"centers",182,245.7515
"centers",182,340.4476
"centers",182,221.63
"centers",182,332.5491
"centers",182,219.5241
"centers",164,248.3293
"centers",164,341.4372159
"centers",164,298.6871
"centers",164,217.7611
"guards",201,288.0498
"guards",201,199.5156
"guards",201,281.5449
"guards",201,186.1978
"guards",159,184.6212
"guards",159,156.9982
"guards",159,189.4587
"guards",159,160.5696
"guards",495,457.95
"guards",495,277.25
"guards",380,368.27
"guards",380,235.07
"guards",240,369.06
"guards",240,222.23
"guards",240,335.98
"guards",240,459.7
"guards",240,443.03
"guards",340,389.36
"guards",340,229.35
"guards",510,463.28
"guards",510,271.5
"guards",510,477.17
"guards",510,278.84
"guards",510,483.11
"guards",510,278.38
"guards",510,446.73
"guards",510,262.52
"guards",510,477.17
"guards",510,278.84
"guards",340,444.29
"guards",340,261.38
"guards",340,396.28
"guards",340,234.86
"guards",340,425.95
"guards",340,238.51
"guards",470,483.11
"guards",470,278.38
"guards",340,448.01
"guards",340,261.65
"guards",340,428.89
"guards",340,234.83
"guards",340,444.21
"guards",340,234.1
"guards",385,286.27
"guards",385,454.5
"guards",385,446.73
"guards",385,268.18
"guards",510,484.2
"guards",510,296.18
"guards",510,473.59
"guards",510,295.79
"centers",240,355
"centers",240,243
"centers",240,406.99
"centers",240,270.5
"centers",340,420.89
"centers",340,282.19
"centers",240,337.2
"centers",240,212.6
"guards",138,255.1639
"guards",138,172.1963
"guards",138,250.8674
"guards",138,165.7893
"guards",138,240.5042
"guards",138,158.7337
"guards",138,252.3893
"guards",138,163.219
"guards",138,167.2130472
"guards",138,262.423501
"guards",138,255.6351
"guards",138,171.208
"guards",138,253.3168
"guards",138,163.2473
"guards",173,274.8773
"guards",173,276.9733
"guards",166,288.7338
"guards",166,180.5782
"guards",166,282.8472
"guards",145,249.1608214
"guards",145,167.6034233
"guards",145,238.1643
"guards",145,155.166
"guards",145,253.0668
"guards",145,165.1582
"guards",173,276.4371
"guards",173,272.6076
"guards",138,250.4243
"guards",138,176.056
"guards",138,242.3359
"guards",138,170.1254
"guards",138,260.0282
"guards",138,178.6685
"guards",138,258.5981
"guards",138,175.0418
"guards",293,490.0606
"guards",293,345.7012
"guards",293,418.43
"guards",293,379.003
"guards",293,236.71
"guards",173,283.6807
"guards",173,173.526
"guards",173,277.4531
"guards",173,277.2628
"guards",173,168.467
"guards",173,270.195
"guards",166,286.8689
"guards",166,295.3028
"guards",166,177.9269
"guards",166,283.1685
"guards",166,175.414
"guards",166,271.4901
"guards",145,272.3218
"guards",145,166.5458
"guards",145,162.8462
"guards",145,260.0544
"guards",145,255.1355832
"guards",145,160.5112525
"guards",145,275.4275
"guards",145,166.8959
"guards",145,268.5215
"guards",145,160.3563
"guards",173,278.7531
"guards",173,184.9423
"guards",173,284.8841
"guards",201,316.2032
"guards",201,215.6159
"guards",201,312.2589
"guards",201,208.37
"guards",173,276.9979
"guards",173,183.6258
"guards",173,278.6561
"guards",173,285.9037
"guards",173,192.3127
"guards",173,278.0762
"guards",201,324.8977
"guards",201,217.905
"guards",201,330.0219
"guards",201,216.7889529
"guards",420,470.3812
"guards",420,275.6736
"guards",274,346.3287
"guards",274,203.0742
"guards",192,316.9818
"guards",192,202.355
"guards",192,311.4563
"guards",192,187.0878
"guards",192,311.5874
"guards",192,198
"guards",192,297.7142
"guards",192,181.2143
"guards",311,239.5655333
"guards",311,399.8459602
"guards",138,245.908
"guards",138,161.598
"guards",138,255.2974
"guards",138,173.1793
"guards",138,249.3776
"guards",138,163.9126
"guards",138,255.4076
"guards",138,169.8898769
"guards",138,247.2876
"guards",138,167.9009
"guards",138,242.8045
"guards",138,164.366
"centers",276,402.4325
"centers",276,264.4888
"centers",276,391.9028
"centers",276,257.5353
"centers",276,433.0131
"centers",276,287.1551
"guards",290,272.6405445
"guards",290,407.0626122
"guards",290,400.7573
"guards",290,269.6432
"guards",290,388.0195
"guards",290,262.1326
"guards",290,382.5991
"guards",290,245.4103
"guards",191,347.7821
"guards",191,231.8047
"guards",191,360.8567
"guards",191,251.2861
"guards",164,298.4447909
"guards",164,205.5858806
"guards",164,301.9803
"guards",164,210.2624
"guards",130,284.5921
"guards",130,207.3508
"guards",130,288.7743
"guards",130,206.9935
"guards",164,208.4274996
"guards",164,287.7577795
"centers",260,243.1385721
"centers",260,345.4218176
"centers",260,374.1645
"centers",260,257.8835
"centers",180,362.3031
"centers",180,245.6073
"centers",180,357.583
"centers",180,236.0014
"centers",182,358.4291
"centers",182,257.5639
"centers",182,353.345
"centers",182,240.7767
"centers",182,340.7771
"centers",182,221.0838
"centers",182,335.0081
"centers",182,219.603
"centers",260,258.1649
"centers",260,371.0282
"centers",260,247.9582
"centers",260,359.9244
"guards",700,784
"guards",700,804
"guards",700,708
"guards",700,392
"guards",700,532
"guards",700,784
"guards",700,744
"guards",700,417.9545797
"guards",700,771.3893189
"guards",700,590.8789553
"guards",700,705
"guards",700,353
"guards",700,527
"guards",405,477.1
"guards",405,267.1
"guards",405,477.5
"guards",405,248.6
"guards",345,466.6
"guards",345,266.9
"guards",345,463.6
"guards",345,256.1
"guards",444,560.258
"guards",444,318.614
"guards",444,573.423
"guards",444,313.164
"guards",454,560.136
"guards",454,311.998
"guards",454,568.004
"guards",454,310.862
"guards",523,541.3
"guards",523,300.4
"guards",523,536.4
"guards",523,283.1
"guards",405,277.5907688
"guards",405,474.8168251
"guards",405,483.3
"guards",405,250.5
"centers",155,263
"centers",155,181
"centers",154,271
"centers",154,204
"centers",155,261
"centers",155,194
"centers",155,257
"centers",155,195
"centers",184,285
"centers",184,208
"centers",184,295
"centers",184,214
"centers",184,282
"centers",184,198
"centers",184,278
"centers",184,280
"centers",184,200
"centers",274,436.446
"centers",274,292.68
"centers",273,406.68
"centers",273,262.889
"centers",273,431.101
"centers",273,271.369
"guards",155,232
"guards",155,153
"guards",155,236
"guards",155,156
"guards",184,243
"guards",184,160
"guards",184,247
"guards",184,168
"guards",184,159
"guards",184,238
"guards",184,162
"guards",184,242
"guards",155,227
"guards",155,151
"guards",155,230
"guards",155,156
"guards",184,245
"guards",184,161
"guards",184,172.7559947
"guards",184,256.164582
"guards",184,254.7088025
"guards",184,177.17954
"guards",184,237
"guards",184,156
"guards",184,160.2554995
"guards",184,239.8606165
"guards",184,171.3352292
"guards",184,274.6955045
"guards",184,178.0653844
"guards",184,270.978954
"guards",157,317
"guards",157,214
"guards",157,219.9126715
"guards",157,334.6911256
"guards",157,355.449209
"guards",184,274
"guards",184,169
"guards",184,280
"guards",184,175
"guards",184,255
"guards",184,162
"guards",184,271
"guards",184,169.5000433
"guards",184,158.4972698
"guards",184,243.0675002
"guards",184,246
"guards",184,155
"guards",167,306
"guards",167,225
"guards",167,324
"guards",167,224
"guards",158,316
"guards",158,217
"guards",158,344
"guards",158,219
"guards",158,323
"guards",158,227
"guards",158,346
"guards",158,227
"guards",641,451.9
"guards",641,291
"guards",641,397.8
"guards",641,535.1
"guards",641,546
"guards",904,550.3
"guards",904,315.5847313
"guards",904,418.9799633
"guards",904,457.1260128
"guards",904,526.1
"guards",469,403.61
"guards",469,258.23
"guards",201,323.82
"guards",201,199.96
"guards",241,186.36
"guards",241,277.7
"guards",241,287.05
"guards",241,200.83
"guards",302,350.95
"guards",302,220.32
"guards",302,420.8
"guards",302,362.91
"guards",302,233.29
"guards",329,331.61
"guards",329,221.74
"guards",208,265.6
"guards",208,164.6
"forwards",208,285.44
"forwards",208,189.1
"forwards",208,281.01
"forwards",208,189.25
"guards",355,304.65
"guards",355,207.04
"guards",329,346.74
"guards",329,211.42
"guards",329,242.0995605
"guards",329,365.9447407
"guards",329,240.2571617
"guards",402,404.89
"guards",402,243
"guards",402,268.63
"guards",402,426.54
"guards",550,457.97
"guards",550,292.33
"forwards",190,276.53
"forwards",190,276.53
"forwards",190,276.53
"forwards",190,171.23
"forwards",190,171.23
"forwards",190,171.23
"forwards",190,288.85
"forwards",190,288.85
"forwards",190,288.85
"forwards",190,186.3
"forwards",190,186.3
"forwards",190,186.3
"guards",302,218.7
"guards",302,343.43
"guards",302,335.04
"guards",302,211.38
"guards",302,223.7
"guards",302,358.82
"guards",302,223.5570741
"guards",302,375.0549395
"guards",302,365.2753107
"guards",302,215.18
"guards",302,322.78
"guards",302,341.94
"guards",302,228.8
"guards",302,351.34
"guards",302,238.56
"guards",329,344.95
"guards",329,217.54
"guards",329,342.17
"guards",329,216.32
"guards",329,345.11
"guards",329,212.98
"guards",329,357.58
"guards",329,229.55
"guards",329,349.99
"guards",329,223.8
"guards",329,371.53
"guards",329,238.95
"guards",302,293.7
"guards",302,221.95
"guards",402,414.86
"guards",402,250.25
"guards",402,404.38
"guards",402,242.05
"guards",550,441.43
"guards",550,276.29
"guards",577,465.22
"guards",577,288.75
"guards",577,461.51
"guards",577,292.32
"centers",382,615.61
"centers",382,436.84
"centers",240,280.47
"centers",240,280.47
"centers",240,280.47
"centers",240,423.1
"centers",240,423.1
"centers",240,423.1
"centers",362,421.19
"centers",362,304.85
"centers",429,604.77
"centers",429,537.48
"centers",429,358.2
"centers",429,634.79
"centers",429,532.22
"centers",536,736.6
"centers",536,598.79
"centers",536,429.53
"centers",536,709.06
"centers",536,638.69
"centers",518,652.36
"centers",518,541.05
"centers",518,365.5
"centers",518,642.53
"centers",518,566.33
"forwards",208,275.05
"forwards",208,175.53
"forwards",208,287.39
"forwards",208,196.54
"forwards",208,292.24
"forwards",208,187.8
"guards",355,302.57
"guards",355,217.38
"centers",200,217.49
"centers",200,217.49
"centers",200,217.49
"centers",200,324.75
"centers",200,324.75
"centers",200,324.75
"forwards",302,371.92
"forwards",302,250.32
"forwards",302,373.5
"guards",302,376.73
"guards",302,251.1
"guards",302,376.68
"forwards",302,392.2488893
"forwards",302,256.9933089
"forwards",302,408.1416695
"centers",302,389.25
"centers",302,258.22
"centers",201,233.16
"centers",201,233.16
"centers",201,233.16
"centers",201,344.74
"centers",201,344.74
"centers",201,344.74
"centers",201,388.17
"centers",201,388.17
"centers",201,388.17
"centers",201,445.89
"centers",201,445.89
"centers",201,445.89
"centers",201,471.01
"centers",201,471.01
"centers",201,471.01
"forwards",302,390.7
"forwards",302,271.2
"forwards",302,403.82
"forwards",302,284.6
"forwards",302,382.22
"forwards",302,265.87
"centers",329,395.68
"centers",329,289.76
"centers",518,520.54
"centers",518,365.13
"centers",518,713.02
"centers",518,551.62
"centers",518,647.15
"guards",449,410.66
"guards",449,251.86
"guards",449,390.89
"guards",449,508.49
"guards",449,515.51
"guards",449,374.66
"guards",449,436
"guards",449,259.39
"guards",449,390.23
"guards",449,542.09
"guards",449,532.26
"guards",429,435.39
"guards",429,265.99
"guards",436,294.63
"guards",436,210.68
"guards",523,565.9387899
"guards",523,306.3946063
"guards",577,565.46
"guards",577,478.99
"guards",577,282.5
"guards",577,578.83
"guards",577,423.93
"guards",577,465.13
"guards",577,275.16
"guards",621,562.9
"guards",621,319.91
"guards",621,316.0550386
"guards",621,575.6282879
"guards",329,352.39
"guards",329,233.64
"guards",429,404.49
"guards",429,260.91
"guards",536,448.57
"guards",536,275.95
"guards",536,385.12
"guards",536,504.08
"guards",536,565.72
"guards",621,511.74
"guards",621,304.99
"guards",201,308.38
"guards",201,194.06
"guards",201,312.34
"guards",201,195.73
"guards",302,218.81
"guards",302,330.16
"guards",416,372.98
"guards",416,233.71
"guards",416,351.03
"guards",416,466.65
"guards",416,413.25
"guards",563,344.37
"guards",563,557.51
"guards",70,289.23
"guards",70,235.74
"guards",70,151.8317607
"guards",70,197.2247986
"guards",451,546.41
"guards",451,333.09
"guards",148,279.44774
"guards",148,183.21717
"guards",148,267.51846
"guards",148,183.92905
"guards",168,309.35295
"guards",168,203.96331
"guards",168,301.8454522
"guards",168,209.1254691
"guards",143,184.23176
"guards",143,262.3794387
"guards",291,422.12296
"guards",291,278.29032
"guards",291,426.0291
"guards",291,283.77473
"guards",237,402.69605
"guards",237,254.15928
"guards",168,312.0739856
"guards",168,221.4244545
"guards",74,197.57017
"guards",74,145.49573
"guards",74,138.67102
"guards",74,179.9171549
"centers",166,277.71965
"centers",166,204.9471
"centers",166,290.48768
"centers",166,214.55972
"centers",224,341.92211
"centers",224,226.77512
"centers",148,291.30131
"centers",148,212.29167
"centers",148,270.17596
"centers",148,192.39054
"centers",168,295.42098
"centers",168,216.4332
"centers",148,279.74055
"centers",148,204.65414
"centers",168,303.75361
"centers",168,226.08964
"guards",301,243
"guards",301,187
"guards",325,417
"guards",325,254
"guards",325,403
"guards",325,249
"guards",325,434
"guards",325,266
"guards",330,395
"guards",330,242
"guards",330,370
"guards",330,235
"guards",330,410
"guards",330,252
"guards",330,402
"guards",330,257
"guards",330,400
"guards",330,252
"guards",301,242
"guards",301,185
"guards",301,232
"guards",301,168
"guards",301,237
"guards",301,174
"guards",328,360
"guards",328,217
"guards",328,360
"guards",328,218
"guards",328,353
"guards",328,214
"guards",328,358
"guards",328,213
"guards",328,365
"guards",328,228
"guards",328,367
"guards",328,225
"guards",328,357
"guards",328,216
"guards",328,357
"guards",328,215
"guards",328,382
"guards",328,238
"guards",328,385
"guards",328,235
"guards",328,379.290488
"guards",328,232.6634131
"guards",328,379.3905424
"guards",328,234.0686641
"guards",301,242
"guards",301,178
"guards",301,248
"guards",301,178
"guards",301,257
"guards",301,203
"guards",301,254
"guards",301,205
"guards",330,385.1874427
"guards",330,245.2058571
"guards",330,249.4591824
"guards",330,406.2852723
"guards",330,262
"guards",330,402
"guards",330,264
"guards",330,401
"guards",330,260
"guards",330,401
"guards",330,258
"guards",330,402
"guards",420,460
"guards",420,282
"guards",420,460
"guards",420,281
"guards",420,450
"guards",420,275
"guards",420,449
"guards",420,273
"guards",420,452
"guards",420,276
"guards",420,451
"guards",420,274
"guards",420,436
"guards",420,261
"guards",420,436
"guards",420,263
"guards",302,231
"guards",302,186
"guards",302,234
"guards",302,186
"guards",325,409
"guards",325,260
"guards",325,416
"guards",325,265
"guards",325,403
"guards",325,256
"centers",265,246
"centers",265,351
"centers",265,348
"centers",265,242
"centers",265,350
"centers",265,239
"centers",265,345
"centers",265,237
"centers",265,342
"centers",265,230
"centers",265,339
"centers",265,228
"centers",230,259
"centers",230,228
"centers",230,263
"centers",230,230
"centers",230,262
"centers",230,227
"centers",230,259
"centers",230,226
"centers",230,256
"centers",230,223
"centers",230,255
"centers",230,221
"centers",325,444
"centers",325,295
"centers",325,441
"centers",325,292
"centers",325,420
"centers",325,269
"centers",400,518
"centers",400,325
"centers",400,515.7618753
"centers",400,331.1656795
"centers",400,515
"centers",400,317
"centers",400,513
"centers",400,315
"centers",400,548
"centers",400,346
"centers",317,577
"centers",317,573
"centers",317,345
"centers",317,590
"centers",317,368
"centers",317,590
"centers",317,368
"guards",332,393
"guards",332,244
"guards",332,402
"guards",332,252
"guards",332,408
"guards",332,260
"guards",332,411
"guards",332,262
"guards",332,392
"guards",332,258
"guards",332,393
"guards",332,260
"guards",332,386
"guards",332,254
"guards",270,307
"guards",270,199
"guards",270,305
"guards",270,197
"guards",270,305
"guards",270,197
"centers",317,580
"centers",317,582
"centers",317,346
"centers",317,338
"centers",317,559
"centers",317,590
"centers",317,371
"centers",317,584
"centers",317,366
"centers",317,349
"centers",317,554
"centers",261,438
"centers",261,271
"centers",261,453
"centers",261,287
"centers",152,416
"centers",152,289
"centers",152,366
"centers",152,279
"centers",152,408
"centers",152,279
"centers",152,268
"centers",152,352
"centers",261,490
"centers",261,318
"centers",261,483
"centers",261,312
"centers",261,471
"centers",261,306
"centers",261,465
"centers",261,306
"centers",261,449
"centers",261,301
"centers",261,456
"centers",261,306
"centers",261,488
"centers",261,337
"centers",261,486
"centers",261,313
"centers",261,494
"centers",261,334
"centers",261,440
"centers",261,295
"centers",261,454
"centers",261,317
"centers",261,432
"centers",261,284
"centers",261,460
"centers",261,294
"centers",261,477
"centers",261,314
"centers",261,472.0171666
"centers",261,296.8075626
"centers",261,449
"centers",261,287
"guards",530,427
"guards",530,293
"guards",530,402
"guards",530,433
"guards",530,290
"guards",530,396
"guards",530,494
"guards",530,482
"guards",530,442
"guards",530,424
"guards",530,299
"guards",530,479
"guards",530,294
"guards",530,417
"guards",530,436
"guards",530,292
"guards",188,202
"guards",188,260
"guards",188,201
"guards",188,259
"guards",215,201
"guards",215,260
"guards",188,249.6500897
"guards",188,196.6164408
"guards",188,192
"guards",188,242
"guards",188,277
"guards",188,219
"guards",188,245
"guards",188,185
"guards",188,249
"guards",188,185
"guards",260,336
"guards",260,222
"guards",260,328
"guards",260,212
"guards",260,215
"guards",260,332
"guards",260,216.3253593
"guards",260,332.9544705
"centers",131,358
"centers",131,286
"centers",131,217
"guards",135,341
"guards",135,220
"guards",135,363
"guards",135,400
"guards",135,295
"centers",260,243
"centers",260,362
"centers",260,352
"centers",260,236
"centers",260,345
"centers",260,228
"centers",260,337
"centers",260,222
"centers",230,255
"centers",230,223
"centers",230,272
"centers",230,223
"centers",230,266
"centers",230,232
"centers",230,266
"centers",230,230
"centers",260,365
"centers",260,240
"centers",260,356
"centers",260,231
"centers",170,279
"centers",170,197
"centers",170,277
"centers",170,201
"centers",170,279
"centers",170,200
"centers",170,272
"centers",170,196
"centers",170,269
"centers",170,192
"centers",170,246
"centers",170,332
"centers",170,315
"centers",170,234
"centers",170,225
"centers",170,306
"guards",130,222
"guards",130,159
"guards",130,221
"guards",130,157
"guards",130,167.9074396
"guards",130,242.2364733
"guards",130,229
"guards",130,161
"guards",124,234
"guards",124,163
"guards",124,229
"guards",124,159
"centers",317,608
"centers",317,394
"centers",317,605
"centers",317,389
"centers",317,582
"centers",317,390
"guards",109,247
"guards",109,171
"guards",109,215
"guards",109,158
"guards",109,216
"guards",109,159
"guards",109,214
"guards",109,157
"guards",109,264
"guards",109,173
"guards",109,243
"guards",109,171
"guards",109,214
"guards",109,155
"guards",109,155
"guards",109,155
"centers",317,570
"centers",317,357
"centers",317,553
"centers",317,342
"centers",317,596
"centers",317,380
"centers",317,592
"centers",317,378
"centers",317,572
"centers",317,369
"centers",317,572
"centers",317,370
"centers",317,549
"centers",317,352
"centers",317,561
"centers",317,361
"centers",317,592
"centers",317,375
"centers",317,598
"centers",317,371
"centers",317,567
"centers",317,354
"centers",317,570
"centers",317,365
"centers",317,572
"centers",317,367
"centers",317,546
"centers",317,349
"centers",317,539
"centers",317,340
"centers",317,597
"centers",317,392
"centers",317,601
"centers",317,396
"centers",317,580
"centers",317,376
"centers",317,559
"centers",317,356
"guards",350,233.146011
"guards",350,375.8877374
"guards",350,349.27
"guards",350,224.8
"guards",350,371.89
"guards",350,232.67
"guards",350,368.27
"guards",350,237.22
"guards",350,352.37
"guards",350,229.01
"guards",350,344.61
"guards",350,230.8
"guards",350,379.4
"guards",350,241.74
"guards",350,373.5
"guards",350,244.48
"guards",350,358.62
"guards",350,236.05
"guards",350,353.23
"guards",350,237.92
"guards",400,383.59
"guards",400,240.54
"guards",400,367.11
"guards",400,241.65
"guards",400,388.17
"guards",400,246.47
"guards",400,382.2073781
"guards",400,243.8404598
"guards",430,386.18
"guards",430,249.39
"guards",430,374.84
"guards",430,247.71
"guards",430,398.05
"guards",430,251.16
"guards",430,386.11
"guards",430,246.65
"guards",430,254.32
"guards",430,396.87
"guards",430,391.83
"guards",430,253.61
"guards",430,412.3
"guards",430,254.75
"guards",430,395.4
"guards",430,251.76
"guards",350,372.03
"guards",350,233.98
"guards",350,367.31
"guards",350,235.27
"guards",350,348.02
"guards",350,224.53
"guards",350,336.13
"guards",350,225.75
"guards",400,378.45
"guards",400,233.34
"guards",400,367.14
"guards",400,236.37
"guards",400,361.03
"guards",400,234.26
"guards",400,379.07
"guards",400,238.89
"guards",400,371.61
"guards",400,240.71
"guards",400,372.22
"guards",400,234.24
"guards",430,392.47
"guards",430,244.65
"guards",430,369.69
"guards",430,244.45
"guards",430,396.27
"guards",430,244.2
"guards",430,382.65
"guards",430,243.36
"guards",475,488.42
"guards",475,313.54
"guards",350,386.36
"guards",350,243.89
"guards",350,368.85
"guards",350,240.85
"guards",400,395.98
"guards",400,250.44
"guards",400,379.63
"guards",400,247.74
"guards",560,429.45
"guards",560,261.95
"guards",560,398.74
"guards",560,259.56
"guards",887,309.158
"guards",887,257.77
"guards",265,319
"guards",265,198.07
"guards",265,343.45
"guards",265,214.17
"guards",315,359.2
"guards",315,231.21
"guards",315,338.04
"guards",315,212.41
"centers",420,419.99
"centers",420,260.42
"forwards",416,335.77
"forwards",416,263.31
"centers",520,306.41142
"centers",520,508.6615248
"guards",340,366.48
"guards",340,239.05
"guards",340,360.28
"guards",340,238.91
"guards",340,327.68
"guards",340,206.17
"guards",340,321.26
"guards",340,205.08
"centers",340,418.49
"centers",340,280.74
"centers",340,408.31
"centers",340,276.98
"centers",400,275.7519138
"centers",400,436.859293
"centers",400,423.3
"centers",400,273.5238934
"guards",310,396.34
"guards",310,228.14
"guards",310,379.09
"guards",310,227.56
"guards",310,405.76
"guards",310,237.46
"guards",310,382.03
"guards",310,235.79
"guards",420,416.79
"guards",420,238.17
"guards",420,394.88
"guards",420,238.88
"guards",420,426.68
"guards",420,241.66
"guards",420,400.73
"guards",420,239.2
"guards",440,472.3
"guards",440,264.49
"guards",440,448.14
"guards",440,264
"guards",416,307.4393684
"guards",416,216.2393528
"guards",520,483.26
"guards",520,265.88
"guards",520,444.94
"guards",520,262.02
"guards",520,487.13
"guards",520,267.34
"guards",520,451.13
"guards",520,267.42
"guards",262,472.84
"guards",262,443.291
"guards",262,185.650351
"guards",262,331.7543051
"guards",262,239.8490473
"guards",262,418.9087158
"guards",262,388.5249301
"guards",563,469.58
"guards",563,632.66
"guards",563,668.11
"guards",563,580.73
"guards",563,333.26
"guards",453,348.29
"guards",453,640.76
"guards",453,538.77
"guards",453,723.7
"guards",453,629.51
"guards",453,639.4
"guards",453,352.1
"guards",624,577.03
"guards",624,321.96
"guards",565,532.7471
"guards",565,294.82
"guards",565,630
"guards",565,300.1
"guards",565,603
"guards",565,580
"guards",565,299.31
"guards",565,561.7736
"guards",565,306.3778
"guards",200,281
"guards",200,187
"guards",200,281
"guards",200,185
"guards",200,324
"guards",200,212
"guards",200,323.632344
"guards",200,207.2262794
"forwards",250,231.34772
"forwards",250,301.1377168
"forwards",170,201.24268
"forwards",170,284.85855
"forwards",170,318.39521
"forwards",170,221.35827
"forwards",148,242.682069
"forwards",148,167.637145
"forwards",148,277.69205
"forwards",148,182.510202
"forwards",148,277.422815
"forwards",148,182.802824
"forwards",148,252.489991
"forwards",148,173.127756
"forwards",148,287.7495789
"forwards",148,189.2015424
"forwards",148,249.530565
"forwards",148,172.245183
"forwards",148,246.94113
"forwards",148,170.505461
"forwards",148,246.266472
"forwards",148,169.852526
"forwards",148,280.105894
"forwards",148,186.737682
"forwards",148,278.434205
"forwards",148,184.991567
"forwards",175,264.269239
"forwards",175,175.457088
"forwards",175,265.444926
"forwards",175,173.2208052
"forwards",175,262.546327
"forwards",175,175.67274
"forwards",175,261.601513
"forwards",175,173.462484
"forwards",256,354.897182
"forwards",256,219.579882
"forwards",175,275.680845
"forwards",175,191.582679
"forwards",175,274.336581
"forwards",175,189.87732
"forwards",175,274.719171
"forwards",175,190.680699
"forwards",175,272.969983
"forwards",175,191.49089
"forwards",256,358.702161
"forwards",256,232.512157
"forwards",256,358.702716
"forwards",256,232.164174
"forwards",268,438.489198
"forwards",268,296.332198
"forwards",268,305.2799194
"forwards",268,212.9527037
"forwards",268,330.17471
"forwards",268,223.340966
"forwards",305,416.377238
"forwards",305,274.557855
"forwards",148,264.927722
"forwards",148,186.535381
"forwards",148,207.515288
"forwards",148,304.2602215
"forwards",148,229.15252
"forwards",148,183.815048
"guards",154,222.8797967
"guards",154,207.6336408
"guards",154,163.9900708
"guards",154,161.0698881
"guards",154,249.8110679
"guards",154,204.0613311
"guards",154,233.999381
"guards",154,163.0416422
"guards",154,229.9453526
"guards",154,153.7546886
"guards",154,207.0008178
"guards",154,218.5061744
"guards",154,159.5902289
"guards",154,233.9752834
"guards",154,161.6669428
"guards",268,337.2546768
"guards",268,205.2658403
"guards",268,335.6663014
"guards",268,200.5143063
"guards",268,199.680422
"guards",268,333.8826326
"guards",268,333.8666163
"guards",268,199.8027067
"guards",306,450.3556386
"guards",306,357.6975722
"guards",306,341.6380123
"guards",306,441.8031814
"guards",306,369.1685158
"guards",306,227.3875218
"guards",306,360.5466625
"guards",306,337.3551852
"guards",306,446.6633264
"guards",306,226.7580584
"guards",306,444.3834207
"guards",306,357.5893276
"guards",306,334.918967
"guards",306,227.3380305
"guards",306,244.155431
"guards",306,362.118264
"guards",306,376.883887
"guards",306,365.0995443
"guards",306,243.9634281
"guards",306,375.1122492
"guards",306,361.3909655
"guards",306,244.7974278
"guards",306,377.3128842
"guards",306,454.5140022
"guards",306,449.577224
"guards",306,453.6662666
"guards",306,446.5117993
"guards",306,455.8083183
"guards",306,451.8759975
"guards",286,300.30772
"guards",286,293.76457
"guards",286,271.9626487
"guards",286,199.5633167
"guards",286,221.4555253
"guards",286,269.6515343
"guards",286,295.3992463
"guards",286,292.2064701
"guards",286,218.219106
"guards",286,198.2589483
"guards",286,279.9434888
"guards",286,318.0338112
"guards",286,297.4143893
"guards",286,231.3758624
"guards",286,203.39544
"centers",301,315.1462204
"centers",301,470.5790611
"guards",204,209.2162214
"guards",204,328.1403183
"guards",204,330.1986264
"guards",204,210.3634409
"guards",204,205.1378337
"guards",204,328.3615522
"guards",204,232.141214
"guards",204,349.5070434
"guards",204,348.4347436
"guards",204,232.0977479
"guards",204,347.7014157
"guards",204,350.2096168
"guards",204,231.5588206
"guards",204,327.5932197
"guards",204,205.7987209
"guards",306,457.4575183
"guards",306,381.0934176
"guards",306,381.0233325
"guards",306,257.5865546
"guards",306,464.3283502
"guards",306,382.8041722
"guards",306,254.6485244
"guards",306,373.6050199
"guards",306,379.6131476
"guards",306,254.4467122
"guards",306,373.2932194
"guards",306,367.6041009
"guards",306,247.0556177
"guards",306,373.1968112
"guards",306,368.3862307
"guards",306,245.2055908
"guards",306,371.7630912
"guards",306,248.1834234
"guards",306,369.3355336
"guards",306,369.8454643
"guards",306,235.1906137
"guards",306,364.4222017
"guards",306,234.2250862
"guards",306,363.698665
"guards",389,474.7375918
"guards",389,474.7375918
"guards",389,403.2814354
"guards",389,403.2814354
"guards",389,404.6156553
"guards",389,404.6156553
"guards",389,421.8792065
"guards",389,421.8792065
"guards",389,444.8623519
"guards",389,444.8623519
"centers",383,365.419759
"centers",383,569.1408499
"centers",383,591.792142
"centers",383,380.5613673
"centers",383,585.6735009
"centers",383,376.1819116
"centers",235,312.0911244
"centers",235,223.5632005
"centers",235,308.8945975
"centers",235,223.1791291
"centers",235,222.9851642
"centers",235,311.6661502
"centers",235,305.297214
"centers",235,216.5207023
"centers",235,305.6472217
"centers",235,219.6258546
"centers",235,219.5583503
"centers",235,309.6851886
"centers",235,225.4821693
"centers",235,314.6308531
"centers",235,315.4034913
"centers",235,225.955555
"centers",235,225.0659159
"centers",235,314.2814743
"centers",235,307.5248045
"centers",235,219.9037926
"centers",235,305.685047
"centers",235,218.8985734
"centers",235,217.1965938
"centers",235,307.7343384
"centers",235,248.203026
"centers",235,327.7916749
"centers",235,319.6166816
"centers",235,231.3132781
"centers",235,230.4571731
"centers",235,315.371684
"centers",235,242.5049756
"centers",235,320.8204425
"centers",235,315.7478533
"centers",235,232.1836458
"centers",235,316.200491
"centers",235,231.5337491
"centers",112,208.7136152
"centers",112,194.3704846
"centers",112,207.4558234
"centers",112,194.8886372
"centers",112,192.1302555
"centers",112,203.9969979
"centers",112,200.6978762
"centers",112,186.2487629
"centers",112,209.5908616
"centers",112,200.0404653
"centers",112,200.3295277
"centers",112,215.6322404
"centers",112,209.4102514
"centers",112,203.0984779
"centers",112,196.527687
"centers",112,210.1926328
"centers",112,204.8862389
"centers",112,200.6846045
"centers",112,207.5409845
"centers",112,199.6145945
"centers",112,207.371443
"centers",112,195.6481706
"centers",112,202.2642237
"guards",467,425.9731312
"guards",467,254.0324619
"guards",467,370.5714577
"guards",467,504.2435756
"guards",467,515.8309228
"centers",270,388.3262057
"centers",270,255.1497705
"centers",270,254.6989014
"centers",270,385.547168
"centers",270,262.5109038
"centers",270,392.003409
"centers",270,266.0268553
"centers",270,406.7382545
"centers",270,384.0578935
"centers",270,247.2431216
"centers",245,215.3292345
"centers",245,228.5139217
"centers",245,212.3015037
"centers",245,224.3584132
"centers",245,217.1822011
"centers",245,228.1586499
"centers",245,240.640399
"centers",245,228.9290923
"centers",245,218.7850873
"centers",245,228.1134174
"centers",245,221.2216137
"centers",245,228.0741092
"guards",94,229.2161468
"guards",94,238.6598324
"guards",94,250.4392063
"guards",94,182.1033485
"guards",94,148.9271432
"guards",179,199.7433482
"guards",179,298.0790531
"guards",179,301.0342168
"guards",179,201.51584
"guards",179,305.0087983
"guards",179,207.9455038
"guards",179,203.6412523
"guards",179,297.6336629
"centers",270,419.5139867
"centers",270,287.6307144
"centers",270,284.1626387
"centers",270,410.3566328
"centers",270,298.4722884
"centers",270,301.1149173
"centers",270,427.9323209
"centers",270,297.6840424
"centers",270,423.9784539
"guards",178,276.8714861
"guards",178,177.1747948
"guards",268,326.8024888
"guards",268,204.7727128
"guards",154,156.5325481
"guards",154,150.1595141
"guards",154,152.4829095
"guards",154,157.5352583
"guards",154,157.2902683
"guards",154,160.9587876
"guards",154,163.1150243
"guards",154,163.5234072
"guards",154,160.5298184
"guards",154,161.7857551
"guards",154,157.5538163
"guards",154,153.2413782
"guards",132,250.3427994
"guards",132,170.5522079
"guards",132,246.194405
"guards",132,170.949445
"guards",132,235.2674765
"guards",132,161.0592201
"guards",132,169.7427528
"guards",132,237.08629
"guards",132,160.9283447
"guards",132,228.4529608
"guards",132,165.4548297
"guards",132,237.5176731
"guards",140,219.3207439
"guards",140,156.0738786
"guards",140,225.6806788
"guards",140,151.049699
"guards",140,221.2463147
"guards",140,148.5198941
"guards",140,224.4844734
"guards",140,159.1790739
"guards",140,157.3190604
"centers",185,388.8461536
"centers",185,228.0797699
"centers",185,343.5914663
"centers",270,252.4895231
"centers",270,375.0060008
"centers",270,391.9383457
"centers",270,265.1114073
"centers",245,301.1286992
"centers",245,228.6757095
"centers",245,330.4280528
"centers",245,374.830263
"centers",245,228.9244194
"centers",245,341.6673586
"centers",245,297.6799338
"centers",245,341.6118825
"centers",245,276.4122688
"centers",245,227.360127
"centers",245,229.5593779
"centers",245,342.3769376
"centers",245,286.129681
"centers",245,336.7678694
"centers",245,229.4927334
"centers",245,229.5785282
"centers",245,290.0017833
"centers",245,225.7091997
"centers",245,336.2449833
"centers",245,342.2531992
"centers",245,231.0424187
"centers",245,226.4794635
"centers",245,318.1827732
"centers",245,334.7556791
"centers",245,288.6479894
"centers",245,226.9724329
"centers",381,362.4384054
"centers",381,551.6343522
"centers",381,546.0003696
"centers",381,358.7476822
"guards",98,130.8100637
"guards",98,128.6861186
"guards",98,130.0496473
"guards",98,134.0886982
"guards",98,130.1227932
"guards",98,133.1376316
"guards",98,122.8989144
"guards",98,125.7411575
"guards",98,121.8403342
"guards",98,126.8913116
"guards",98,121.938424
"guards",98,127.1332557
"guards",82,180.1866934
"guards",82,161.5399364
"guards",82,216.8729752
"guards",82,140.4235207
"guards",82,135.2641642
"guards",82,161.178781
"guards",82,183.5887652
"guards",82,195.5228137
"guards",82,132.9247938
"guards",82,124.2234292
"guards",82,176.3921595
"guards",82,151.9797156
"guards",82,209.3795917
"guards",82,128.8904908
"guards",82,130.6068412
"guards",82,173.5790302
"guards",82,148.8848493
"guards",82,186.3185698
"guards",82,123.567393
"guards",82,117.8270844
"guards",98,180.7904938
"guards",98,124.5113745
"guards",98,192.4553382
"guards",98,128.1080271
"guards",98,185.3097503
"guards",98,178.3447553
"guards",98,167.0471307
"guards",98,166.81201
"guards",98,130.8641573
"guards",98,126.4968349
"guards",98,187.4788977
"guards",98,187.0234522
"guards",98,167.2872239
"guards",98,121.7013991
"guards",98,128.2509624
"guards",98,148.3199728
"guards",98,157.9166662
"guards",98,158.466464
"guards",98,149.1677595
"guards",98,148.9344939
"guards",98,158.8428401
"guards",98,143.9604026
"guards",98,151.3337471
"guards",98,156.2051586
"guards",98,152.3818514
"guards",98,146.7277363
"guards",98,151.5842487
"guards",98,146.4749212
"centers",176,293.4932214
"centers",176,202.6738213
"centers",176,218.0924634
"centers",176,309.1145429
"centers",176,214.4620557
"centers",176,308.8751898
"centers",176,315.5786047
"centers",176,220.9918903
"centers",381,550.6731501
"centers",381,360.2279643
"centers",381,374.2080431
"centers",381,563.9616548
"centers",381,372.9322762
"centers",381,570.9815495
"centers",381,566.5345276
"centers",381,369.9306934
"centers",381,545.7767355
"centers",381,353.5823587
"centers",381,560.5876212
"centers",381,367.3482955
"centers",381,535.2212691
"centers",381,347.0574228
"centers",266,255.0882384
"centers",266,390.839085
"centers",266,256.8443572
"centers",266,386.4440785
"centers",266,273.4205755
"centers",266,430.2261923
"centers",236,428.3006323
"centers",236,309.4190335
"centers",236,418.1035893
"centers",236,298.0902581
"centers",236,410.2459266
"centers",236,296.144416
"centers",236,435.5640136
"centers",236,305.9304139
"centers",159,247.9721758
"centers",159,365.1587192
"centers",159,393.1034376
"centers",159,378.9298571
"centers",159,240.9574472
"centers",159,333.8859737
"centers",236,309.4667811
"centers",236,446.8040592
"centers",236,341.7516556
"centers",236,464.3173754
"centers",236,324.8807891
"centers",236,451.8744676
"centers",159,283.0500631
"centers",159,392.2540822
"centers",159,448.3155279
"centers",159,286.288428
"centers",159,447.9154548
"centers",159,380.9535338
"centers",381,524.5673731
"centers",381,350.0282956
"centers",310,336.2534306
"centers",310,482.800185
"centers",310,335.6415779
"centers",310,480.8360319
"centers",381,560.4281712
"centers",381,385.1262576
"centers",381,384.8121182
"centers",381,556.5503131
"centers",381,404.3867603
"centers",381,538.6599919
"centers",381,376.3958523
"centers",310,353.6164171
"centers",310,511.0525462
"centers",310,346.3087181
"centers",310,510.8076097
"centers",381,558.6622895
"centers",381,548.7518885
"centers",381,364.1309207
"centers",381,546.0561102
"centers",381,354.0586481
"centers",381,522.8810617
"centers",381,361.9833432
"centers",381,532.6889327
"centers",381,349.1894346
"centers",381,512.903377
"centers",381,541.0865118
"centers",268,374.2102674
"centers",268,244.0512138
"centers",181,346.2512591
"centers",181,222.5458783
"centers",181,375.018269
"centers",268,252.2302394
"centers",268,384.3661546
"centers",181,370.9030359
"centers",181,220.9986816
"centers",181,339.8341974
"guards",106,175.8659619
"guards",106,175.0186133
"guards",106,223.6061942
"guards",106,222.2331111
"guards",106,169.0826248
"guards",106,166.0793413
"guards",106,221.1217613
"guards",208,363
"guards",208,219
"guards",208,415
"guards",208,305.9465162
"guards",208,314.2450592
"guards",208,306
"guards",208,209
"guards",208,321
"guards",208,380
"guards",208,335
"guards",210,304
"guards",210,202
"guards",210,295
"guards",210,389
"guards",210,345
"guards",208,208
"guards",208,305
"guards",208,390
"guards",208,368
"guards",208,323
"guards",208,319
"guards",208,306
"guards",208,393
"guards",208,341
"guards",208,200
"guards",208,209
"guards",208,356
"guards",208,365
"guards",208,324
"guards",208,308
"guards",208,204
"guards",208,306
"guards",208,412
"guards",208,359
"guards",208,320
"guards",208,219
"guards",208,327
"guards",208,410
"guards",208,314
"guards",208,370
"guards",208,308
"guards",208,216
"guards",208,318
"guards",208,343
"guards",208,339
"guards",210,396
"guards",210,200
"guards",210,299
"guards",210,347
"guards",210,300
"guards",170,291
"guards",170,191
"guards",170,290
"guards",170,192
"guards",200,307
"guards",200,391
"guards",200,367
"guards",200,328
"guards",200,210
"guards",200,314
"guards",200,432
"guards",200,358
"guards",200,321
"guards",200,213
"guards",210,359
"guards",210,293
"guards",210,382
"guards",210,315
"guards",210,197
"guards",210,353
"guards",210,317
"guards",210,287
"guards",210,412
"guards",210,199
"guards",170,277
"guards",170,192
"guards",170,286
"guards",170,195
"guards",115,283
"guards",115,296
"guards",115,333
"guards",150,155
"guards",150,205
"guards",150,136.3984078
"guards",280,386
"guards",280,429
"guards",280,372
"guards",280,238
"guards",280,341
"guards",200,304
"guards",200,382
"guards",200,376
"guards",200,326
"guards",200,204
"guards",200,344
"guards",200,307
"guards",200,410
"guards",200,375
"guards",200,198
"guards",170,291
"guards",170,193
"guards",170,280
"guards",170,191
"forwards",200,348
"forwards",200,298
"forwards",200,428
"forwards",200,421
"forwards",200,206
"forwards",200,356
"forwards",200,261
"forwards",200,337
"forwards",200,238
"forwards",200,237
"forwards",200,335
"forwards",200,348
"forwards",200,258
"centers",280,416
"centers",280,281
"centers",333,266.6770044
"centers",333,354.2776278
"guards",170,336
"guards",170,354
"guards",170,280
"guards",170,289
"guards",170,188
"guards",170,352
"guards",170,334
"guards",170,300.0390675
"guards",170,191.2708901
"guards",170,309.3649189
"guards",220,355
"guards",220,306
"guards",220,350
"guards",220,305
"guards",220,200
"guards",220,344
"guards",220,295
"guards",220,342
"guards",220,294
"guards",220,198
"forwards",220,327
"forwards",220,210
"forwards",220,315
"forwards",220,200
"forwards",220,335
"forwards",220,216
"forwards",220,324
"forwards",220,205
"forwards",220,331
"forwards",220,226
"forwards",220,320
"forwards",220,214
"guards",333,430
"guards",333,445
"guards",333,361
"guards",333,443
"guards",333,348
"guards",333,391.6758626
"guards",333,225.1236713
"guards",333,359.3671679
"guards",435,342
"guards",435,441
"guards",435,353
"guards",435,467
"guards",435,408
"guards",435,384
"guards",435,226
"guards",435,330
"guards",435,432
"guards",435,466
"guards",435,329
"guards",435,224
"guards",435,384
"guards",435,398
"guards",500,446
"guards",500,531
"guards",500,629
"guards",500,515
"guards",500,310
"guards",200,448
"guards",200,394
"guards",200,357
"guards",200,230
"guards",200,343
"guards",200,222.82523
"guards",200,356.7220364
"guards",200,357.5963115
"guards",292,349
"guards",292,358
"guards",292,214
"guards",292,308
"guards",292,311
"guards",292,314
"guards",292,217
"guards",292,311
"guards",292,340
"guards",292,363
"guards",520,462
"guards",520,368
"guards",520,518
"guards",520,243
"guards",520,444
"forwards",354,415
"forwards",354,496
"forwards",354,460
"forwards",354,427
"forwards",354,269
"guards",572,542
"guards",572,435
"guards",572,567
"guards",572,651
"guards",572,276
"guards",610,346
"guards",610,445
"guards",610,524
"guards",610,541
"guards",610,596
"guards",150,261
"guards",150,261
"guards",150,261
"guards",150,163
"guards",150,163
"guards",150,163
"guards",150,263
"guards",150,263
"guards",150,263
"guards",150,178
"guards",150,178
"guards",150,178
"guards",150,254
"guards",150,254
"guards",150,254
"guards",150,176
"guards",150,176
"guards",150,176
"guards",170,174.5461889
"guards",170,273.7590824
"guards",170,270
"guards",170,179
"guards",170,272
"guards",170,169
"guards",170,279
"guards",170,175
"guards",150,253
"guards",150,253
"guards",150,253
"guards",150,155
"guards",150,155
"guards",150,155
"guards",150,157.7111778
"guards",150,157.7111778
"guards",150,157.7111778
"guards",150,254.8572328
"guards",150,254.8572328
"guards",150,254.8572328
"guards",150,253
"guards",150,253
"guards",150,253
"guards",150,164
"guards",150,164
"guards",150,164
"guards",150,245
"guards",150,245
"guards",150,245
"guards",150,166
"guards",150,166
"guards",150,166
"guards",150,245.8971809
"guards",150,245.8971809
"guards",150,245.8971809
"guards",150,158.6655749
"guards",150,158.6655749
"guards",150,158.6655749
"guards",150,256
"guards",150,256
"guards",150,256
"guards",150,180
"guards",150,180
"guards",150,180
"guards",150,253
"guards",150,253
"guards",150,253
"guards",150,176
"guards",150,176
"guards",150,176
"guards",150,248
"guards",150,248
"guards",150,248
"guards",150,170
"guards",150,170
"guards",150,170
"guards",211,290
"guards",211,339
"guards",211,340
"guards",211,288
"guards",211,195
"guards",211,272
"guards",211,327
"guards",211,333
"guards",211,294
"guards",211,191
"guards",150,262.9618206
"guards",150,262.9618206
"guards",150,262.9618206
"guards",150,169.9657585
"guards",150,169.9657585
"guards",150,169.9657585
"guards",115,302
"guards",115,179
"guards",115,187.8682592
"guards",115,310.4564248
"guards",170,269
"guards",170,168
"guards",170,272
"guards",170,168
"guards",170,274
"guards",170,169
"guards",170,270
"guards",170,168
"guards",170,284
"guards",170,176
"guards",170,286
"guards",170,178
"guards",170,283
"guards",170,176
"guards",170,283
"guards",170,174
"guards",150,251
"guards",150,251
"guards",150,251
"guards",150,164
"guards",150,164
"guards",150,164
"guards",240,166
"guards",240,265
"guards",240,290.1486048
"guards",240,176.2757206
"forwards",300,373
"forwards",300,233
"forwards",300,338
"forwards",300,434
"forwards",300,424
"guards",302,295
"guards",302,182
"guards",302,294
"guards",302,181
"forwards",250,406
"forwards",250,341
"forwards",250,424
"forwards",250,348
"forwards",250,227
"forwards",345,379
"forwards",345,348
"forwards",345,237
"forwards",345,451
"forwards",345,455
"forwards",240,380
"forwards",240,380
"forwards",240,473
"forwards",240,473
"forwards",240,454
"forwards",240,454
"forwards",240,390
"forwards",240,390
"forwards",240,251
"forwards",240,251
"forwards",230,401
"forwards",230,373
"forwards",230,467
"forwards",230,441
"forwards",230,257
"forwards",250,440
"forwards",250,441
"forwards",250,388.6254796
"forwards",250,248.0820334
"forwards",250,380.1797662
"guards",240,290
"guards",240,204
"forwards",300,405
"forwards",300,270
"forwards",300,398
"forwards",300,466
"forwards",300,472
"guards",302,321
"guards",302,208
"guards",302,320
"guards",302,209
"forwards",240,380
"forwards",240,380
"forwards",240,358
"forwards",240,358
"forwards",240,490
"forwards",240,490
"forwards",240,466
"forwards",240,466
"forwards",240,247
"forwards",240,247
"forwards",230,389
"forwards",230,253
"forwards",230,368
"forwards",230,465
"forwards",230,445
"forwards",300,371
"forwards",300,466
"forwards",300,468
"forwards",300,248
"forwards",300,385